turn_id,speaker,start,stop,utterance,interval,delta,questions,end_question,overlap,n_words
0,5eebff91bd2957196e75d9c7,79.74,80.94,Yeah. Yeah.,,1.2000000000000028,0,False,False,2
1,5f1269b2bf131c1c3ad768b9,82.44,87.26,you think that? Hello?,1.5,4.820000000000007,2,True,False,4
2,5eebff91bd2957196e75d9c7,86.74,87.46,Uh,-0.5200000000000102,0.7199999999999989,0,False,True,1
3,5f1269b2bf131c1c3ad768b9,87.27,92.22,Can you hear me okay?,-0.18999999999999773,4.950000000000003,1,True,True,5
4,5eebff91bd2957196e75d9c7,90.84,91.76,Yeah I can hear you,-1.3799999999999955,0.9200000000000017,0,False,True,5
5,5f1269b2bf131c1c3ad768b9,92.64,98.0,How are you?,0.8799999999999955,5.359999999999999,1,True,False,3
6,5eebff91bd2957196e75d9c7,96.34,97.06,I'm fine.,-1.6599999999999966,0.7199999999999989,0,False,True,3
7,5f1269b2bf131c1c3ad768b9,98.01,115.65,Okay? I guess we just talk about whatever for 25 minutes.,0.9500000000000028,17.64,1,False,False,11
8,5eebff91bd2957196e75d9c7,113.74,114.36,Yeah.,-1.9100000000000108,0.6200000000000045,0,False,True,1
9,5f1269b2bf131c1c3ad768b9,116.64,117.15,Okay.,2.280000000000001,0.5100000000000051,0,False,False,1
10,5eebff91bd2957196e75d9c7,116.64,119.96,Yeah I just want to talk about,-0.5100000000000051,3.319999999999993,0,False,True,7
11,5f1269b2bf131c1c3ad768b9,121.24,128.4,"I guess we can start out with like uh I don't know, a little bit about ourselves. I'll go first. I",1.2800000000000011,7.160000000000011,0,False,False,23
12,5eebff91bd2957196e75d9c7,128.14,128.43,not,-0.2600000000000193,0.29000000000002046,0,False,True,1
13,5f1269b2bf131c1c3ad768b9,128.41,128.61,live,-0.020000000000010232,0.20000000000001705,0,False,True,1
14,5eebff91bd2957196e75d9c7,128.44,128.76,there.,-0.17000000000001592,0.3199999999999932,0,False,True,1
15,5f1269b2bf131c1c3ad768b9,128.61,174.57,"in texas, I'm married, I have two kids. Um My son is seven and my daughter's eight and then I have a stepdaughter, she's 19. Um I have been doing studies on this site for I guess probably a couple of weeks now, so I like it. I was surprised when I saw that this one paid so much on the bonus. Um and then I have a weekend job that I take care of people at a group home, so that's fun. I have four ladies that I take care of and they all have disabilities, so I like it. How about you?",-0.14999999999997726,45.95999999999998,1,True,True,108
16,5eebff91bd2957196e75d9c7,167.64,174.06,Um I'm in college right now and I always live in texas. I was in Houston and I go to texas tech,-6.930000000000007,6.420000000000016,0,False,True,23
17,5f1269b2bf131c1c3ad768b9,174.58,182.23,"Okay,",0.5200000000000102,7.649999999999977,0,False,False,1
18,5eebff91bd2957196e75d9c7,176.94,180.35,and I'm a major in business. Oh.,-5.289999999999992,3.4099999999999966,0,False,True,8
19,5f1269b2bf131c1c3ad768b9,182.23,192.63,"that's cool. I was at texas tech um in 2014, I was gonna do it online, I ended up dropping out, But I like to the school. So",1.8799999999999955,10.400000000000006,0,False,False,30
20,5eebff91bd2957196e75d9c7,192.24,192.75,Mhm.,-0.38999999999998636,0.5099999999999909,0,False,True,1
21,5f1269b2bf131c1c3ad768b9,192.64,194.94,go red Raiders. I,-0.11000000000001364,2.3000000000000114,0,False,True,4
22,5eebff91bd2957196e75d9c7,194.54,195.26,Yes.,-0.4000000000000057,0.7199999999999989,0,False,True,1
23,5f1269b2bf131c1c3ad768b9,194.94,196.9,live just like,-0.3199999999999932,1.960000000000008,0,False,True,3
24,5eebff91bd2957196e75d9c7,196.74,196.95,Right.,-0.1599999999999966,0.20999999999997954,0,False,True,1
25,5f1269b2bf131c1c3ad768b9,196.91,199.45,45 minutes north of Austin.,-0.03999999999999204,2.539999999999992,0,False,True,5
26,5eebff91bd2957196e75d9c7,199.24,199.45,Right.,-0.20999999999997954,0.20999999999997954,0,False,True,1
27,5f1269b2bf131c1c3ad768b9,199.46,207.05,It's the city that I live in is called Harker Heights. But it's a it's like mm probably 10 minutes or so away from,0.010000000000019327,7.590000000000003,0,False,False,27
28,5eebff91bd2957196e75d9c7,206.94,207.15,Oh,-0.11000000000001364,0.21000000000000796,0,False,True,1
29,5f1269b2bf131c1c3ad768b9,207.05,208.15,Fort Hood and,-0.09999999999999432,1.0999999999999943,0,False,True,3
30,5eebff91bd2957196e75d9c7,208.14,208.64,yeah,-0.010000000000019327,0.5,0,False,True,1
31,5f1269b2bf131c1c3ad768b9,208.15,209.86,clean. So,-0.4899999999999807,1.710000000000008,0,False,True,2
32,5eebff91bd2957196e75d9c7,209.54,209.95,yeah.,-0.3200000000000216,0.4099999999999966,0,False,True,1
33,5f1269b2bf131c1c3ad768b9,209.87,215.84,"yeah, I like it here. I'm born and raised in texas. I've never lived in another state.",-0.07999999999998408,5.969999999999999,0,False,True,19
34,5eebff91bd2957196e75d9c7,215.74,216.84,Yeah.,-0.09999999999999432,1.0999999999999943,0,False,True,1
35,5f1269b2bf131c1c3ad768b9,215.85,218.88,So uh yeah.,-0.9900000000000091,3.030000000000001,0,False,True,3
36,5eebff91bd2957196e75d9c7,218.74,219.16,Okay.,-0.13999999999998636,0.4199999999999875,0,False,True,1
37,5f1269b2bf131c1c3ad768b9,218.89,221.2,Um were you,-0.27000000000001023,2.3100000000000023,0,False,True,3
38,5eebff91bd2957196e75d9c7,221.14,221.46,Mhm.,-0.060000000000002274,0.3200000000000216,0,False,True,1
39,5f1269b2bf131c1c3ad768b9,221.2,224.04,getting rain and stuff a lot from the hurricane?,-0.2600000000000193,2.8400000000000034,1,True,True,9
40,5eebff91bd2957196e75d9c7,223.54,224.92,Yeah,-0.5,1.3799999999999955,0,False,True,1
41,5f1269b2bf131c1c3ad768b9,224.05,230.32,"Yeah,",-0.8699999999999761,6.269999999999982,0,False,True,1
42,5eebff91bd2957196e75d9c7,224.93,229.06,like a decent amount. It wasn't like flooding or anything but it was something. Right.,-5.389999999999986,4.1299999999999955,0,False,True,16
43,5f1269b2bf131c1c3ad768b9,230.33,238.3,we got some probably a couple of days ago. It was raining pretty heavily for like four different times. Like it would stop and then we'll start running again,1.2700000000000102,7.969999999999999,0,False,False,30
44,5eebff91bd2957196e75d9c7,237.94,238.56,Yeah.,-0.36000000000001364,0.6200000000000045,0,False,True,1
45,5f1269b2bf131c1c3ad768b9,238.3,253.85,and then it would stop. Um I just hope everybody's OK. I hate like hurricanes and tornadoes pretty much anything natural. Always. I'm worried about people that have to go through that because I couldn't imagine having to deal with that.,-0.2599999999999909,15.549999999999983,0,False,True,44
46,5eebff91bd2957196e75d9c7,253.84,254.55,Yeah.,-0.009999999999990905,0.710000000000008,0,False,True,1
47,5f1269b2bf131c1c3ad768b9,253.86,259.22,It's got to be scary. Mm hmm. So,-0.6899999999999977,5.360000000000014,0,False,True,9
48,5eebff91bd2957196e75d9c7,258.64,258.84,Yeah.,-0.5800000000000409,0.19999999999998863,0,False,True,1
49,5f1269b2bf131c1c3ad768b9,259.22,261.97,"you say you're studying business, are",0.3800000000000523,2.75,0,False,False,7
50,5eebff91bd2957196e75d9c7,260.84,261.46,Yeah.,-1.1300000000000523,0.6200000000000045,0,False,True,1
51,5f1269b2bf131c1c3ad768b9,261.97,270.86,"you going to be an entrepreneur one day or? Yeah,",0.5100000000000477,8.889999999999986,1,False,False,10
52,5eebff91bd2957196e75d9c7,265.54,269.35,Um I don't even know. Yeah I'm like thinking about it right now.,-5.319999999999993,3.8100000000000023,0,False,True,15
53,5f1269b2bf131c1c3ad768b9,270.87,274.92,that's a good degree though. I've heard that it like applies to a bunch of different fields.,1.5199999999999818,4.050000000000011,0,False,False,19
54,5eebff91bd2957196e75d9c7,274.64,275.05,Yeah.,-0.28000000000002956,0.410000000000025,0,False,True,1
55,5f1269b2bf131c1c3ad768b9,274.93,281.34,Pretty much everybody I know that went for business. They all pretty much any job you can apply for. A business,-0.12000000000000455,6.409999999999968,0,False,True,21
56,5eebff91bd2957196e75d9c7,281.24,281.95,Yeah.,-0.0999999999999659,0.7099999999999795,0,False,True,1
57,5f1269b2bf131c1c3ad768b9,281.34,285.65,degree will help you. Yeah. You think you're gonna get your NBA one day?,-0.6100000000000136,4.310000000000002,1,True,True,16
58,5eebff91bd2957196e75d9c7,285.54,286.05,Um,-0.1099999999999568,0.5099999999999909,0,False,True,1
59,5f1269b2bf131c1c3ad768b9,285.66,289.21,"Yeah,",-0.38999999999998636,3.5499999999999545,0,False,True,1
60,5eebff91bd2957196e75d9c7,286.06,288.06,Maybe don't nobody though,-3.1499999999999773,2.0,0,False,True,5
61,5f1269b2bf131c1c3ad768b9,289.21,291.7,I kno student loans and no joke. So,1.1499999999999773,2.490000000000009,0,False,False,8
62,5eebff91bd2957196e75d9c7,291.04,291.25,mm,-0.6599999999999682,0.20999999999997954,0,False,True,1
63,5f1269b2bf131c1c3ad768b9,291.71,295.85,"it probably depends on, you know how much everything is going to, cause I've",0.45999999999997954,4.140000000000043,0,False,False,15
64,5eebff91bd2957196e75d9c7,295.64,296.06,mm.,-0.21000000000003638,0.4200000000000159,0,False,True,1
65,5f1269b2bf131c1c3ad768b9,295.86,307.79,"got like $23,000 worth of student loans right now to pay off. I went to school for teaching so it's paid off. I like it. I mean the degree was worth it, but it's kind of",-0.19999999999998863,11.930000000000007,0,False,True,39
66,5eebff91bd2957196e75d9c7,307.74,307.94,Yeah,-0.05000000000001137,0.19999999999998863,0,False,True,1
67,5f1269b2bf131c1c3ad768b9,307.79,310.03,killing me to have to pay the government every,-0.14999999999997726,2.2399999999999523,0,False,True,9
68,5eebff91bd2957196e75d9c7,309.94,310.34,you,-0.08999999999997499,0.39999999999997726,0,False,True,1
69,5f1269b2bf131c1c3ad768b9,310.03,310.38,month.,-0.3100000000000023,0.35000000000002274,0,False,True,1
70,5eebff91bd2957196e75d9c7,310.34,310.48,got,-0.040000000000020464,0.1400000000000432,0,False,True,1
71,5f1269b2bf131c1c3ad768b9,310.39,311.54,But,-0.09000000000003183,1.150000000000034,0,False,True,1
72,5eebff91bd2957196e75d9c7,310.48,311.35,a teaching degree?,-1.0600000000000023,0.8700000000000045,1,True,True,3
73,5f1269b2bf131c1c3ad768b9,311.55,313.06,"yep. Elementary,",0.19999999999998863,1.509999999999991,0,False,False,2
74,5eebff91bd2957196e75d9c7,312.74,313.15,Yeah.,-0.3199999999999932,0.40999999999996817,0,False,True,1
75,5f1269b2bf131c1c3ad768b9,313.44,314.22,so,0.29000000000002046,0.7800000000000296,0,False,False,1
76,5eebff91bd2957196e75d9c7,314.14,314.46,Yeah.,-0.08000000000004093,0.3199999999999932,0,False,True,1
77,5f1269b2bf131c1c3ad768b9,314.23,320.39,"yeah, I have to take one more test to get my texas license, so I'm",-0.22999999999996135,6.159999999999968,0,False,True,16
78,5eebff91bd2957196e75d9c7,320.34,320.47,All,-0.05000000000001137,0.1300000000000523,0,False,True,1
79,5f1269b2bf131c1c3ad768b9,320.39,320.81,excited,-0.08000000000004093,0.4200000000000159,0,False,True,1
80,5eebff91bd2957196e75d9c7,320.47,320.66,right.,-0.339999999999975,0.18999999999999773,0,False,True,1
81,5f1269b2bf131c1c3ad768b9,320.81,321.81,about that. I want,0.14999999999997726,1.0,0,False,False,4
82,5eebff91bd2957196e75d9c7,321.74,322.15,Yeah.,-0.06999999999999318,0.40999999999996817,0,False,True,1
83,5f1269b2bf131c1c3ad768b9,321.81,325.25,to teach second grade. Yeah.,-0.339999999999975,3.4399999999999977,0,False,True,5
84,5eebff91bd2957196e75d9c7,323.54,324.26,Yeah that's good.,-1.7099999999999795,0.7199999999999704,0,False,True,4
85,5f1269b2bf131c1c3ad768b9,325.26,333.06,"Uh So what you, are you in or did you say already? I'm sorry. Okay.",1.0,7.800000000000011,1,False,False,16
86,5eebff91bd2957196e75d9c7,330.64,334.75,I'm in my second year I'm going into it my second year.,-2.420000000000016,4.110000000000014,0,False,True,14
87,5f1269b2bf131c1c3ad768b9,334.94,338.28,"Okay. Good, good. Uh You live on campus or do",0.18999999999999773,3.339999999999975,0,False,False,10
88,5eebff91bd2957196e75d9c7,338.24,338.86,Yeah,-0.03999999999996362,0.6200000000000045,0,False,True,1
89,5f1269b2bf131c1c3ad768b9,338.28,340.34,"you can do? Cool,",-0.5800000000000409,2.0600000000000023,1,False,True,4
90,5eebff91bd2957196e75d9c7,339.34,340.45,I live on campus.,-1.0,1.1100000000000136,0,False,True,4
91,5f1269b2bf131c1c3ad768b9,340.35,344.32,cool. Are you in sports or like band,-0.0999999999999659,3.9699999999999704,0,False,True,8
92,5eebff91bd2957196e75d9c7,343.74,344.25,Ah,-0.5799999999999841,0.5099999999999909,0,False,True,1
93,5f1269b2bf131c1c3ad768b9,344.32,344.9,or anything like,0.06999999999999318,0.5799999999999841,0,False,False,3
94,5eebff91bd2957196e75d9c7,344.74,345.03,No,-0.15999999999996817,0.2899999999999636,0,False,True,1
95,5f1269b2bf131c1c3ad768b9,344.9,346.24,that?,-0.12999999999999545,1.3400000000000318,1,True,True,1
96,5eebff91bd2957196e75d9c7,345.03,345.76,not really.,-1.2100000000000364,0.7300000000000182,0,False,True,2
97,5f1269b2bf131c1c3ad768b9,346.25,364.73,"Um Well that's good. That's good. Um I just, when I graduated high school, of course, that was a long time ago when I graduated high school, I didn't actually go away to school. I was too nervous. But they say living on campus is like the best experience that you can",0.4900000000000091,18.480000000000018,0,False,False,55
98,5eebff91bd2957196e75d9c7,364.64,364.85,Mhm.,-0.09000000000003183,0.21000000000003638,0,False,True,1
99,5f1269b2bf131c1c3ad768b9,364.73,369.06,"have because then you, you know like have your clubs and stuff",-0.12000000000000455,4.329999999999984,0,False,True,12
100,5eebff91bd2957196e75d9c7,368.84,369.64,Yeah.,-0.22000000000002728,0.8000000000000114,0,False,True,1
101,5f1269b2bf131c1c3ad768b9,369.14,375.36,"friends and it just seems like it's more, I don't know, I guess the true college experience.",-0.5,6.220000000000027,0,False,True,19
102,5eebff91bd2957196e75d9c7,375.54,376.15,Yeah that's,0.18000000000000682,0.6099999999999568,0,False,False,3
103,5f1269b2bf131c1c3ad768b9,376.03,377.72,Good.,-0.12000000000000455,1.6900000000000546,0,False,True,1
104,5eebff91bd2957196e75d9c7,376.15,376.65,fine.,-1.57000000000005,0.5,0,False,True,1
105,5f1269b2bf131c1c3ad768b9,377.72,386.44,"Good. So let me see. Oh, so y'all are actually like on campus even with all the corona stuff.",1.07000000000005,8.71999999999997,0,False,False,20
106,5eebff91bd2957196e75d9c7,385.44,386.52,Well I haven't moved in,-1.0,1.079999999999984,0,False,True,6
107,5f1269b2bf131c1c3ad768b9,386.45,389.05,Okay.,-0.06999999999999318,2.6000000000000227,0,False,True,1
108,5eebff91bd2957196e75d9c7,386.52,389.34,yet but I'm about him. Yeah.,-2.5300000000000296,2.819999999999993,0,False,True,7
109,5f1269b2bf131c1c3ad768b9,389.06,396.93,Okay. Cool. So are you window classes start to fold?,-0.2799999999999727,7.8700000000000045,1,True,True,10
110,5eebff91bd2957196e75d9c7,395.44,396.94,Um It starts,-1.490000000000009,1.5,0,False,True,3
111,5f1269b2bf131c1c3ad768b9,396.94,402.92,Hmm.,0.0,5.980000000000018,0,False,False,1
112,5eebff91bd2957196e75d9c7,396.95,402.46,it starts sometime this month but I have a lot of online classes. Most of my classes are online so,-5.970000000000027,5.509999999999991,0,False,True,20
113,5f1269b2bf131c1c3ad768b9,402.93,414.49,"Okay. Yeah. Because I know I have like people that I know they're in college and one girl, she goes for nursing and she said most of their stuff is online, but they're",0.4700000000000273,11.560000000000002,0,False,False,35
114,5eebff91bd2957196e75d9c7,414.44,415.15,Yeah.,-0.05000000000001137,0.7099999999999795,0,False,True,1
115,5f1269b2bf131c1c3ad768b9,414.49,419.49,"going to have to eventually go to the hospital cause you know, I mean you can't learn how to do I. V. S. Online and stuff,",-0.6599999999999682,5.0,0,False,True,27
116,5eebff91bd2957196e75d9c7,419.34,419.96,"Yeah,",-0.1500000000000341,0.6200000000000045,0,False,True,1
117,5f1269b2bf131c1c3ad768b9,419.5,426.0,"but do you like the online format or you like, no, I'd rather be in person. So",-0.45999999999997954,6.5,0,False,True,18
118,5eebff91bd2957196e75d9c7,424.34,426.07,I'm cool with it. But,-1.660000000000025,1.7300000000000182,0,False,True,6
119,5f1269b2bf131c1c3ad768b9,426.01,428.63,"yeah,",-0.060000000000002274,2.6200000000000045,0,False,True,1
120,5eebff91bd2957196e75d9c7,426.07,427.46,like all right. It being a person.,-2.5600000000000023,1.3899999999999864,0,False,True,7
121,5f1269b2bf131c1c3ad768b9,428.64,431.56,because then you can like see people and stuff.,1.1800000000000068,2.920000000000016,0,False,False,9
122,5eebff91bd2957196e75d9c7,430.74,431.66,Yeah.,-0.8199999999999932,0.9200000000000159,0,False,True,1
123,5f1269b2bf131c1c3ad768b9,431.57,437.84,It's different. So is there a lot of math classes in your degree?,-0.09000000000003183,6.269999999999982,1,True,True,14
124,5eebff91bd2957196e75d9c7,437.54,438.1,Um,-0.2999999999999545,0.5600000000000023,0,False,True,1
125,5f1269b2bf131c1c3ad768b9,437.85,443.85,Okay.,-0.25,6.0,0,False,True,1
126,5eebff91bd2957196e75d9c7,438.11,442.9,"No, not really. It's not yet. Probably like next year like moderate.",-5.740000000000009,4.789999999999964,0,False,True,13
127,5f1269b2bf131c1c3ad768b9,443.86,449.34,"That was my thing. I had to pick something that didn't have too much mass. Yeah,",0.9600000000000364,5.479999999999961,0,False,False,17
128,5eebff91bd2957196e75d9c7,446.94,448.86,Yeah. I hate my two.,-2.3999999999999773,1.920000000000016,0,False,True,5
129,5f1269b2bf131c1c3ad768b9,449.35,451.46,"It's not my favorite, what's your favorite class?",0.4900000000000091,2.109999999999957,1,True,False,10
130,5eebff91bd2957196e75d9c7,452.14,459.76,"Um I only have a favorite class. I was like, I like all my classes. Really.",0.6800000000000068,7.6200000000000045,0,False,False,16
131,5f1269b2bf131c1c3ad768b9,459.81,462.95,That's good. That's good. I'm,0.05000000000001137,3.1399999999999864,0,False,False,8
132,5eebff91bd2957196e75d9c7,462.44,463.06,Yeah.,-0.5099999999999909,0.6200000000000045,0,False,True,1
133,5f1269b2bf131c1c3ad768b9,462.95,470.02,trying to think. I liked philosophy was good. I liked psychology. Um,-0.11000000000001364,7.069999999999993,0,False,True,12
134,5eebff91bd2957196e75d9c7,469.94,470.3,"Yeah,",-0.07999999999998408,0.36000000000001364,0,False,True,1
135,5f1269b2bf131c1c3ad768b9,470.03,470.77,Math.,-0.27000000000003865,0.7400000000000091,0,False,True,1
136,5eebff91bd2957196e75d9c7,470.31,470.8,exactly.,-0.45999999999997954,0.4900000000000091,0,False,True,1
137,5f1269b2bf131c1c3ad768b9,470.78,470.9,I,-0.020000000000038654,0.12000000000000455,0,False,True,1
138,5eebff91bd2957196e75d9c7,470.81,471.16,Yeah.,-0.08999999999997499,0.35000000000002274,0,False,True,1
139,5f1269b2bf131c1c3ad768b9,470.9,474.81,took one math class and I was so glad. That's why I went for elementary school because,-0.26000000000004775,3.910000000000025,0,False,True,18
140,5eebff91bd2957196e75d9c7,474.74,475.24,Yeah.,-0.06999999999999318,0.5,0,False,True,1
141,5f1269b2bf131c1c3ad768b9,474.82,484.69,it's not too much math. I was like no I'm not trying to do all this calculus and stuff. Um And then science stuff. I like that. Like biology. Um,-0.4200000000000159,9.870000000000005,0,False,True,32
142,5eebff91bd2957196e75d9c7,483.64,484.05,Yeah.,-1.0500000000000114,0.410000000000025,0,False,True,1
143,5f1269b2bf131c1c3ad768b9,484.7,491.23,"I'm trying to think there was one class. Oh anatomy and physiology, I like that. Of course you probably have to take that as a business",0.6499999999999773,6.53000000000003,0,False,False,27
144,5eebff91bd2957196e75d9c7,491.14,491.62,"No,",-0.09000000000003183,0.4800000000000182,0,False,True,1
145,5f1269b2bf131c1c3ad768b9,491.23,491.72,"major,",-0.38999999999998636,0.4900000000000091,0,False,True,1
146,5eebff91bd2957196e75d9c7,491.62,492.16,I don't.,-0.10000000000002274,0.5400000000000205,0,False,True,3
147,5f1269b2bf131c1c3ad768b9,491.73,499.75,so that's good. Um Yeah.,-0.4300000000000068,8.019999999999982,0,False,True,6
148,5eebff91bd2957196e75d9c7,496.94,499.46,"Yeah, I think so. I called you though. It sounds like the last team.",-2.8100000000000023,2.519999999999982,0,False,True,14
149,5f1269b2bf131c1c3ad768b9,499.81,501.46,Okay. Did you like it?,0.35000000000002274,1.6499999999999773,1,True,False,5
150,5eebff91bd2957196e75d9c7,501.64,501.9,I,0.18000000000000682,0.2599999999999909,0,False,False,1
151,5f1269b2bf131c1c3ad768b9,501.84,503.46,Yeah.,-0.060000000000002274,1.6200000000000045,0,False,True,1
152,5eebff91bd2957196e75d9c7,501.9,502.56,liked it.,-1.5600000000000023,0.660000000000025,0,False,True,2
153,5f1269b2bf131c1c3ad768b9,503.47,507.23,It's cool seeing how people like learning about people. Do you have,0.910000000000025,3.759999999999991,0,False,False,13
154,5eebff91bd2957196e75d9c7,507.14,507.46,Mm,-0.09000000000003183,0.3199999999999932,0,False,True,1
155,5f1269b2bf131c1c3ad768b9,507.23,510.09,to take sociology all that?,-0.22999999999996135,2.859999999999957,1,True,True,5
156,5eebff91bd2957196e75d9c7,509.24,510.26,"Oh yeah, I do.",-0.8499999999999659,1.0199999999999818,0,False,True,4
157,5f1269b2bf131c1c3ad768b9,510.1,515.2,Okay,-0.15999999999996817,5.100000000000023,0,False,True,1
158,5eebff91bd2957196e75d9c7,512.14,513.25,I'm taking it this year.,-3.060000000000059,1.1100000000000136,0,False,True,6
159,5f1269b2bf131c1c3ad768b9,515.21,522.33,cool. Um So you'll have to like like have you taken any actual like your business specific,1.9600000000000364,7.1200000000000045,0,False,False,18
160,5eebff91bd2957196e75d9c7,521.64,522.8,Um,-0.6900000000000546,1.1599999999999682,0,False,True,1
161,5f1269b2bf131c1c3ad768b9,522.33,522.87,classes,-0.4699999999999136,0.5399999999999636,0,False,True,1
162,5eebff91bd2957196e75d9c7,522.81,523.12,"No,",-0.06000000000005912,0.3100000000000591,0,False,True,1
163,5f1269b2bf131c1c3ad768b9,522.87,526.5,yet?,-0.25,3.6299999999999955,1,True,True,1
164,5eebff91bd2957196e75d9c7,523.12,526.78,"not yet. I'll start, I think I started this year like second",-3.3799999999999955,3.659999999999968,0,False,True,13
165,5f1269b2bf131c1c3ad768b9,526.51,528.99,Okay.,-0.2699999999999818,2.480000000000018,0,False,True,1
166,5eebff91bd2957196e75d9c7,526.78,527.55,semester.,-2.2100000000000364,0.7699999999999818,0,False,True,1
167,5f1269b2bf131c1c3ad768b9,529.0,542.16,"Okay. Because I know I was watching some show or something and the girl was taking business classes and she said as a part of it, they had to like create a business plan for their business and stuff. I guess that was like one of the big projects",1.4500000000000455,13.159999999999968,0,False,False,49
168,5eebff91bd2957196e75d9c7,542.44,543.15,Yeah.,0.2800000000000864,0.7099999999999227,0,False,False,1
169,5f1269b2bf131c1c3ad768b9,543.0,545.53,and that sounds fun I think because,-0.14999999999997726,2.5299999999999727,0,False,True,7
170,5eebff91bd2957196e75d9c7,545.24,545.86,Yeah.,-0.2899999999999636,0.6200000000000045,0,False,True,1
171,5f1269b2bf131c1c3ad768b9,545.53,549.22,"then you can like, I guess use it when you get out or whatever, if",-0.3300000000000409,3.6900000000000546,0,False,True,15
172,5eebff91bd2957196e75d9c7,549.14,549.65,Mhm.,-0.08000000000004093,0.5099999999999909,0,False,True,1
173,5f1269b2bf131c1c3ad768b9,549.23,554.78,"that's what you wanted to use for your business, you",-0.4199999999999591,5.5499999999999545,0,False,True,11
174,5eebff91bd2957196e75d9c7,553.14,553.56,Mhm.,-1.6399999999999864,0.4199999999999591,0,False,True,1
175,5f1269b2bf131c1c3ad768b9,554.78,564.73,know? So,1.2200000000000273,9.950000000000045,1,False,False,2
176,5eebff91bd2957196e75d9c7,555.64,561.54,Yeah. Yeah.,-9.090000000000032,5.899999999999977,0,False,True,2
177,5f1269b2bf131c1c3ad768b9,564.73,565.19,you say you,3.1900000000000546,0.4600000000000364,0,False,False,3
178,5eebff91bd2957196e75d9c7,565.14,565.34,Yeah.,-0.05000000000006821,0.20000000000004547,0,False,True,1
179,5f1269b2bf131c1c3ad768b9,565.19,567.84,"live in Houston, that",-0.14999999999997726,2.6499999999999773,0,False,True,4
180,5eebff91bd2957196e75d9c7,566.44,567.55,Yeah. I live in Houston.,-1.3999999999999773,1.1099999999999,0,False,True,5
181,5f1269b2bf131c1c3ad768b9,567.84,569.16,traffic is crazy. Do,0.2900000000000773,1.3199999999999363,0,False,False,4
182,5eebff91bd2957196e75d9c7,569.14,569.58,Yeah.,-0.01999999999998181,0.44000000000005457,0,False,True,1
183,5f1269b2bf131c1c3ad768b9,569.16,571.55,you drive?,-0.42000000000007276,2.3899999999999864,1,True,True,2
184,5eebff91bd2957196e75d9c7,569.59,571.56,"It's, yeah, it's a lot of traffic.",-1.9599999999999227,1.9699999999999136,0,False,True,9
185,5f1269b2bf131c1c3ad768b9,571.56,579.85,"We've been through Houston, like going to Galveston to leave on cruises and that traffic. I'm like, oh my goodness, there's people everywhere. But",0.0,8.290000000000077,0,False,False,27
186,5eebff91bd2957196e75d9c7,579.54,580.04,Yeah.,-0.3100000000000591,0.5,0,False,True,1
187,5f1269b2bf131c1c3ad768b9,579.85,583.2,I will say though it's not as bad as Dallas driving,-0.18999999999994088,3.3500000000000227,0,False,True,12
188,5eebff91bd2957196e75d9c7,583.04,583.76,Really.,-0.16000000000008185,0.7200000000000273,0,False,True,1
189,5f1269b2bf131c1c3ad768b9,583.2,588.55,"in Dallas is like, uh,",-0.5599999999999454,5.349999999999909,0,False,True,5
190,5eebff91bd2957196e75d9c7,585.64,588.85,Always been to Dallas one time when I went there. There was not much traffic.,-2.909999999999968,3.2100000000000364,0,False,True,15
191,5f1269b2bf131c1c3ad768b9,588.64,597.36,I guess my thing is I don't like about Dallas is you gotta jump like 10 lanes over in two seconds to get where you're trying to be and people,-0.21000000000003638,8.720000000000027,0,False,True,33
192,5eebff91bd2957196e75d9c7,597.04,597.25,Mm,-0.32000000000005,0.21000000000003638,0,False,True,1
193,5f1269b2bf131c1c3ad768b9,597.36,607.36,"will not let you over or anything. I'm like, it seems like Houston, it's not like so quick, you can kind of get where you need to go without",0.11000000000001364,10.0,0,False,False,31
194,5eebff91bd2957196e75d9c7,607.14,607.35,mm.,-0.22000000000002728,0.21000000000003638,0,False,True,1
195,5f1269b2bf131c1c3ad768b9,607.36,611.0,having to do a whole bunch of changes. So I like that. But,0.009999999999990905,3.6399999999999864,0,False,False,13
196,5eebff91bd2957196e75d9c7,610.64,611.14,Yeah.,-0.36000000000001364,0.5,0,False,True,1
197,5f1269b2bf131c1c3ad768b9,611.0,614.21,"I haven't really actually like been in Houston, been",-0.13999999999998636,3.2100000000000364,0,False,True,10
198,5eebff91bd2957196e75d9c7,614.14,614.46,Okay.,-0.07000000000005002,0.32000000000005,0,False,True,1
199,5f1269b2bf131c1c3ad768b9,614.21,614.95,"in Houston,",-0.25,0.7400000000000091,0,False,True,2
200,5eebff91bd2957196e75d9c7,615.04,616.26,Uh huh.,0.08999999999991815,1.2200000000000273,0,False,False,2
201,5f1269b2bf131c1c3ad768b9,616.04,620.18,"I was wanting to go to Nasa, but I don't know if all that's even still open with",-0.22000000000002728,4.139999999999986,0,False,True,20
202,5eebff91bd2957196e75d9c7,620.14,620.32,"No,",-0.03999999999996362,0.18000000000006366,0,False,True,1
203,5f1269b2bf131c1c3ad768b9,620.19,620.75,corona.,-0.12999999999999545,0.5599999999999454,0,False,True,1
204,5eebff91bd2957196e75d9c7,620.32,621.76,"no, I don't think it is right now.",-0.42999999999995,1.4399999999999409,0,False,True,9
205,5f1269b2bf131c1c3ad768b9,622.14,631.16,"Uh because I know a lot of stuff has closed, I'm like ready for it to be over, but I think it's gonna be like this for a while.",0.37999999999999545,9.019999999999982,0,False,False,32
206,5eebff91bd2957196e75d9c7,631.24,631.95,Yeah.,0.08000000000004093,0.7100000000000364,0,False,False,1
207,5f1269b2bf131c1c3ad768b9,631.64,636.77,Yeah. Did it really change like your social life that much? Like,-0.3100000000000591,5.1299999999999955,1,False,True,12
208,5eebff91bd2957196e75d9c7,636.74,637.36,Um,-0.029999999999972715,0.6200000000000045,0,False,True,1
209,5f1269b2bf131c1c3ad768b9,636.77,639.35,have y'all been having a quarantine and all that?,-0.5900000000000318,2.580000000000041,1,True,True,10
210,5eebff91bd2957196e75d9c7,639.54,640.65,"Yeah, we have",0.18999999999994088,1.1100000000000136,0,False,False,3
211,5f1269b2bf131c1c3ad768b9,641.34,641.55,Mhm.,0.6900000000000546,0.2099999999999227,0,False,False,1
212,5eebff91bd2957196e75d9c7,642.34,642.68,but we,0.7900000000000773,0.33999999999991815,0,False,False,2
213,5f1269b2bf131c1c3ad768b9,642.64,643.26,Yeah.,-0.03999999999996362,0.6200000000000045,0,False,True,1
214,5eebff91bd2957196e75d9c7,642.68,644.74,"still like, we still have fun and stuff.",-0.5800000000000409,2.060000000000059,0,False,True,8
215,5f1269b2bf131c1c3ad768b9,644.54,644.88,Thanks,-0.20000000000004547,0.34000000000003183,0,False,True,1
216,5eebff91bd2957196e75d9c7,644.75,646.12,We just like to be running real to like,-0.12999999999999545,1.3700000000000045,0,False,True,9
217,5f1269b2bf131c1c3ad768b9,645.94,646.37,point.,-0.17999999999994998,0.42999999999995,0,False,True,1
218,5eebff91bd2957196e75d9c7,646.13,647.35,go out to places.,-0.2400000000000091,1.2200000000000273,0,False,True,4
219,5f1269b2bf131c1c3ad768b9,648.44,654.51,"That's good. That's good because I know a lot of people are like, I can't see my friends like I used to and all that and I'm like,",1.0900000000000318,6.069999999999936,0,False,False,32
220,5eebff91bd2957196e75d9c7,654.44,654.65,Mhm.,-0.06999999999993634,0.2099999999999227,0,False,True,1
221,5f1269b2bf131c1c3ad768b9,654.52,673.09,"well just figure out something, you know, like I see a lot of people in Austin especially because they have a lot of like lakes and uh little places you can go basically to where it's not a whole lot of people, but you can still get together with your group that stuff and have fun, get outside, do some swimming and all that, so",-0.12999999999999545,18.57000000000005,0,False,True,66
222,5eebff91bd2957196e75d9c7,672.74,673.36,Yeah.,-0.35000000000002274,0.6200000000000045,0,False,True,1
223,5f1269b2bf131c1c3ad768b9,673.1,674.85,that's good.,-0.2599999999999909,1.75,0,False,True,3
224,5eebff91bd2957196e75d9c7,675.94,677.54,Yeah. Yeah.,1.0900000000000318,1.599999999999909,0,False,False,2
225,5f1269b2bf131c1c3ad768b9,678.22,680.96,"And then the restaurants and stuff that started opening back up,",0.6800000000000637,2.740000000000009,0,False,False,11
226,5eebff91bd2957196e75d9c7,681.24,681.95,Yeah.,0.2799999999999727,0.7100000000000364,0,False,False,1
227,5f1269b2bf131c1c3ad768b9,681.64,689.74,"I'm happy about that. Mhm. Yeah,",-0.3100000000000591,8.100000000000023,0,False,True,7
228,5eebff91bd2957196e75d9c7,691.84,696.26,Yeah. Um,2.1000000000000227,4.419999999999959,0,False,False,2
229,5f1269b2bf131c1c3ad768b9,702.54,711.14,"I wonder like what they're studying on this because they're going to sit and watch these videos and see all these people that don't even know each other, like",6.279999999999973,8.600000000000023,0,False,False,32
230,5eebff91bd2957196e75d9c7,710.74,711.66,Yeah.,-0.39999999999997726,0.9199999999999591,0,False,True,1
231,5f1269b2bf131c1c3ad768b9,711.14,714.45,I wonder what they're trying to like check or whatever.,-0.5199999999999818,3.310000000000059,0,False,True,11
232,5eebff91bd2957196e75d9c7,714.04,716.91,I don't know. Probably,-0.41000000000008185,2.8700000000000045,0,False,True,5
233,5f1269b2bf131c1c3ad768b9,716.74,716.94,Yeah.,-0.16999999999995907,0.20000000000004547,0,False,True,1
234,5eebff91bd2957196e75d9c7,716.91,717.96,"something about like,",-0.030000000000086402,1.0500000000000682,0,False,True,3
235,5f1269b2bf131c1c3ad768b9,718.34,718.77,Uh huh.,0.37999999999999545,0.42999999999995,0,False,False,2
236,5eebff91bd2957196e75d9c7,718.44,721.65,like how people introduce themselves or something like that.,-0.32999999999992724,3.2099999999999227,0,False,True,9
237,5f1269b2bf131c1c3ad768b9,722.04,723.44,It must be. I wonder,0.38999999999998636,1.400000000000091,0,False,False,5
238,5eebff91bd2957196e75d9c7,723.24,723.56,Yeah.,-0.20000000000004547,0.31999999999993634,0,False,True,1
239,5f1269b2bf131c1c3ad768b9,723.44,725.97,how many people are just in there looking at each other. Like,-0.11999999999989086,2.5299999999999727,0,False,True,12
240,5eebff91bd2957196e75d9c7,725.64,726.95,Yeah.,-0.3300000000000409,1.3100000000000591,0,False,True,1
241,5f1269b2bf131c1c3ad768b9,725.97,727.82,nobody's saying anything. They're like,-0.9800000000000182,1.8500000000000227,0,False,True,7
242,5eebff91bd2957196e75d9c7,727.54,727.86,Yeah.,-0.2800000000000864,0.32000000000005,0,False,True,1
243,5f1269b2bf131c1c3ad768b9,727.83,730.39,we're just going to stare at each other for 25 minutes or like,-0.029999999999972715,2.5599999999999454,0,False,True,14
244,5eebff91bd2957196e75d9c7,730.14,730.35,Mhm.,-0.25,0.21000000000003638,0,False,True,1
245,5f1269b2bf131c1c3ad768b9,730.39,732.08,get up and go do something else. Just,0.03999999999996362,1.6900000000000546,0,False,False,8
246,5eebff91bd2957196e75d9c7,732.04,732.46,Mhm.,-0.04000000000007731,0.42000000000007276,0,False,True,1
247,5f1269b2bf131c1c3ad768b9,732.08,734.46,have a study running and they're doing laundry.,-0.37999999999999545,2.3799999999999955,0,False,True,9
248,5eebff91bd2957196e75d9c7,734.74,735.36,Yeah.,0.2799999999999727,0.6200000000000045,0,False,False,1
249,5f1269b2bf131c1c3ad768b9,734.84,737.26,Watch the T. V. Whatever.,-0.5199999999999818,2.419999999999959,0,False,True,5
250,5eebff91bd2957196e75d9c7,736.84,737.46,Yeah.,-0.4199999999999591,0.6200000000000045,0,False,True,1
251,5f1269b2bf131c1c3ad768b9,739.04,740.36,That's gonna be honey.,1.5799999999999272,1.32000000000005,0,False,False,6
252,5eebff91bd2957196e75d9c7,740.74,741.24,Yeah.,0.37999999999999545,0.5,0,False,False,1
253,5f1269b2bf131c1c3ad768b9,741.54,745.18,A lot of these studies are like university students. I,0.2999999999999545,3.6399999999999864,0,False,False,10
254,5eebff91bd2957196e75d9c7,745.14,745.94,Yeah.,-0.03999999999996362,0.8000000000000682,0,False,True,1
255,5f1269b2bf131c1c3ad768b9,745.18,762.77,"know and I was surprised about that. But I guess it just shows how different because okay so I just turned 35 this year. So when I was in college and stuff like we didn't do studies or anything like that, I mean it just because we didn't have like the zoom and all this technology wouldn't explode. It like it was so",-0.7600000000001046,17.590000000000032,0,False,True,66
256,5eebff91bd2957196e75d9c7,762.54,763.04,Yeah.,-0.2300000000000182,0.5,0,False,True,1
257,5f1269b2bf131c1c3ad768b9,762.77,769.91,"like your school, have I wonder if y'all are gonna ever like have to do a study or something and you know what I'm saying? Like create",-0.2699999999999818,7.139999999999986,1,False,True,30
258,5eebff91bd2957196e75d9c7,769.74,770.45,Yeah.,-0.16999999999995907,0.7100000000000364,0,False,True,1
259,5f1269b2bf131c1c3ad768b9,769.91,771.1,a study and then find,-0.5400000000000773,1.1900000000000546,0,False,True,5
260,5eebff91bd2957196e75d9c7,770.84,771.55,Yeah.,-0.2599999999999909,0.7099999999999227,0,False,True,1
261,5f1269b2bf131c1c3ad768b9,771.1,772.76,a website to host it or,-0.4499999999999318,1.6599999999999682,0,False,True,6
262,5eebff91bd2957196e75d9c7,772.74,773.08,You,-0.01999999999998181,0.34000000000003183,0,False,True,1
263,5f1269b2bf131c1c3ad768b9,772.76,773.26,whatever.,-0.32000000000005,0.5,0,False,True,1
264,5eebff91bd2957196e75d9c7,773.08,774.88,probably will have to do something like that. We're,-0.17999999999994998,1.7999999999999545,0,False,True,10
265,5f1269b2bf131c1c3ad768b9,774.84,775.04,"Yeah,",-0.03999999999996362,0.1999999999999318,0,False,True,1
266,5eebff91bd2957196e75d9c7,774.88,776.76,probably gonna like in my later years.,-0.15999999999996817,1.8799999999999955,0,False,True,8
267,5f1269b2bf131c1c3ad768b9,776.84,778.8,that would be cool because,0.08000000000004093,1.9599999999999227,0,False,False,5
268,5eebff91bd2957196e75d9c7,778.64,779.05,Yeah.,-0.15999999999996817,0.40999999999996817,0,False,True,1
269,5f1269b2bf131c1c3ad768b9,778.8,797.51,"I see a lot like actually there was one, it was a business school and they said that they were trying to get people's ideas on advertisements. So it would show you like three or four different products and we have to figure out which advertisement like you liked as far as like colors or what it was saying about the product and stuff",-0.25,18.710000000000036,0,False,True,65
270,5eebff91bd2957196e75d9c7,797.34,798.14,Yeah.,-0.16999999999995907,0.7999999999999545,0,False,True,1
271,5f1269b2bf131c1c3ad768b9,797.51,800.5,like that. Those were interesting. So,-0.6299999999999955,2.990000000000009,0,False,True,6
272,5eebff91bd2957196e75d9c7,800.04,800.66,Yeah.,-0.4600000000000364,0.6200000000000045,0,False,True,1
273,5f1269b2bf131c1c3ad768b9,800.5,807.26,"I could see where that could be used for like, you know, to think about what do you want to do with your product or whatever.",-0.15999999999996817,6.759999999999991,0,False,True,26
274,5eebff91bd2957196e75d9c7,806.94,807.74,Yeah.,-0.31999999999993634,0.7999999999999545,0,False,True,1
275,5f1269b2bf131c1c3ad768b9,807.84,814.65,So that's good. Yeah. Right.,0.10000000000002274,6.809999999999945,0,False,False,6
276,5eebff91bd2957196e75d9c7,816.24,817.59,Uh Is this your first,1.5900000000000318,1.3500000000000227,0,False,False,5
277,5f1269b2bf131c1c3ad768b9,817.44,817.72,Go,-0.14999999999997726,0.2799999999999727,0,False,True,1
278,5eebff91bd2957196e75d9c7,817.59,817.78,time,-0.12999999999999545,0.18999999999994088,0,False,True,1
279,5f1269b2bf131c1c3ad768b9,817.72,818.0,for,-0.05999999999994543,0.2799999999999727,0,False,True,1
280,5eebff91bd2957196e75d9c7,817.78,818.13,doing one,-0.22000000000002728,0.35000000000002274,0,False,True,2
281,5f1269b2bf131c1c3ad768b9,818.01,818.06,it.,-0.12000000000000455,0.049999999999954525,0,False,True,1
282,5eebff91bd2957196e75d9c7,818.13,819.36,of these like video,0.07000000000005002,1.2300000000000182,0,False,False,4
283,5f1269b2bf131c1c3ad768b9,819.04,819.36,Mhm.,-0.32000000000005,0.32000000000005,0,False,True,1
284,5eebff91bd2957196e75d9c7,819.37,820.35,video things?,0.009999999999990905,0.9800000000000182,1,True,False,2
285,5f1269b2bf131c1c3ad768b9,820.64,821.57,This is my first,0.2899999999999636,0.9300000000000637,0,False,False,4
286,5eebff91bd2957196e75d9c7,821.54,822.19,Thank,-0.030000000000086402,0.650000000000091,0,False,True,1
287,5f1269b2bf131c1c3ad768b9,821.57,822.31,time doing one,-0.6200000000000045,0.7399999999998954,0,False,True,3
288,5eebff91bd2957196e75d9c7,822.2,822.26,you.,-0.10999999999989996,0.05999999999994543,0,False,True,1
289,5f1269b2bf131c1c3ad768b9,822.31,828.69,"with like another survey taker. I've done them before, where I had to talk to the people hosting the survey like",0.049999999999954525,6.380000000000109,0,False,False,22
290,5eebff91bd2957196e75d9c7,828.54,828.86,Yeah.,-0.15000000000009095,0.32000000000005,0,False,True,1
291,5f1269b2bf131c1c3ad768b9,828.69,837.27,"just the other day I had one, it was a girl in California, I think she was with stanford or whatever, so it was a google home study, so",-0.16999999999995907,8.579999999999927,0,False,True,29
292,5eebff91bd2957196e75d9c7,837.04,837.45,Yeah.,-0.2300000000000182,0.41000000000008185,0,False,True,1
293,5f1269b2bf131c1c3ad768b9,837.27,844.16,"it was actually pretty neat, like she had her google home set up in the room or whatever in California that they were doing a study from and",-0.18000000000006366,6.889999999999986,0,False,True,28
294,5eebff91bd2957196e75d9c7,844.14,844.46,Yeah.,-0.01999999999998181,0.32000000000005,0,False,True,1
295,5f1269b2bf131c1c3ad768b9,844.16,845.64,then I had to like pretend,-0.3000000000000682,1.4800000000000182,0,False,True,6
296,5eebff91bd2957196e75d9c7,845.34,845.54,Yeah.,-0.2999999999999545,0.1999999999999318,0,False,True,1
297,5f1269b2bf131c1c3ad768b9,845.64,861.26,"like I was in California or whatever and they gave me prompts to read so I had to talk to her. That was pretty cool. And then there was one, I actually got paid like $50 for that. I had to you know how they have like insta cart and what's that upon shipped where",0.10000000000002274,15.620000000000005,0,False,False,57
298,5eebff91bd2957196e75d9c7,861.14,861.46,Oh,-0.12000000000000455,0.32000000000005,0,False,True,1
299,5f1269b2bf131c1c3ad768b9,861.26,861.5,you can,-0.20000000000004547,0.2400000000000091,0,False,True,2
300,5eebff91bd2957196e75d9c7,861.46,862.04,yeah.,-0.03999999999996362,0.5799999999999272,0,False,True,1
301,5f1269b2bf131c1c3ad768b9,861.5,862.2,order groceries,-0.5399999999999636,0.7000000000000455,0,False,True,2
302,5eebff91bd2957196e75d9c7,862.05,862.66,Yeah.,-0.15000000000009095,0.6100000000000136,0,False,True,1
303,5f1269b2bf131c1c3ad768b9,862.2,864.06,online and they deliver them to you. Yeah,-0.4599999999999227,1.8599999999999,0,False,True,8
304,5eebff91bd2957196e75d9c7,863.74,864.24,Yeah.,-0.31999999999993634,0.5,0,False,True,1
305,5f1269b2bf131c1c3ad768b9,864.06,870.31,they were trying to ask me like what I thought about this app that they were trying to develop. So that was cool because I,-0.18000000000006366,6.25,0,False,True,25
306,5eebff91bd2957196e75d9c7,870.24,870.75,Mm.,-0.06999999999993634,0.5099999999999909,0,False,True,1
307,5f1269b2bf131c1c3ad768b9,870.31,877.75,got to like go through their um what do you call it when it's like still in the testing stage prototype? Yeah.,-0.44000000000005457,7.440000000000055,1,False,True,23
308,5eebff91bd2957196e75d9c7,877.64,878.26,Yeah.,-0.11000000000001364,0.6200000000000045,0,False,True,1
309,5f1269b2bf131c1c3ad768b9,877.76,882.06,And like work through it and talk to them and tell them what I liked and what I didn't like. So that was,-0.5,4.2999999999999545,0,False,True,24
310,5eebff91bd2957196e75d9c7,881.94,882.14,Yeah.,-0.11999999999989086,0.1999999999999318,0,False,True,1
311,5f1269b2bf131c1c3ad768b9,882.06,886.85,"cool. I like that one but I've never like talk to just a regular person,",-0.08000000000004093,4.790000000000077,0,False,True,16
312,5eebff91bd2957196e75d9c7,887.14,887.94,Yeah.,0.2899999999999636,0.8000000000000682,0,False,False,1
313,5f1269b2bf131c1c3ad768b9,887.84,890.39,It's always been just with the researchers. What about,-0.10000000000002274,2.5499999999999545,0,False,True,10
314,5eebff91bd2957196e75d9c7,890.24,890.44,Yeah.,-0.14999999999997726,0.20000000000004547,0,False,True,1
315,5f1269b2bf131c1c3ad768b9,890.39,890.75,you?,-0.05000000000006821,0.36000000000001364,1,True,True,1
316,5eebff91bd2957196e75d9c7,891.14,893.07,Um This is my second time doing it. I,0.38999999999998636,1.9300000000000637,0,False,False,9
317,5f1269b2bf131c1c3ad768b9,893.04,893.24,Yeah.,-0.030000000000086402,0.20000000000004547,0,False,True,1
318,5eebff91bd2957196e75d9c7,893.07,895.01,did it like two weeks ago.,-0.16999999999995907,1.9399999999999409,0,False,True,6
319,5f1269b2bf131c1c3ad768b9,894.84,895.34,Yeah.,-0.16999999999995907,0.5,0,False,True,1
320,5eebff91bd2957196e75d9c7,895.02,895.96,Someone else.,-0.32000000000005,0.9400000000000546,0,False,True,2
321,5f1269b2bf131c1c3ad768b9,896.34,898.76,Yeah. Uh,0.37999999999999545,2.419999999999959,0,False,False,2
322,5eebff91bd2957196e75d9c7,898.04,901.36,It was it was the same researcher doing it like going out we're doing right now.,-0.7200000000000273,3.32000000000005,0,False,True,17
323,5f1269b2bf131c1c3ad768b9,901.74,902.83,Okay.,0.37999999999999545,1.0900000000000318,0,False,False,1
324,5eebff91bd2957196e75d9c7,902.74,903.36,Yeah.,-0.09000000000003183,0.6200000000000045,0,False,True,1
325,5f1269b2bf131c1c3ad768b9,902.84,905.76,"Okay. That's what I was gonna ask, was it the same people?",-0.5199999999999818,2.919999999999959,1,True,True,14
326,5eebff91bd2957196e75d9c7,905.94,906.65,Yeah.,0.18000000000006366,0.7099999999999227,0,False,False,1
327,5f1269b2bf131c1c3ad768b9,906.94,917.69,Right. What? Yeah. This is definitely different because at first I was reading it and I was like wait what? I just have to talk to somebody I don't know about random stuff. Like,0.2900000000000773,10.75,2,False,False,35
328,5eebff91bd2957196e75d9c7,917.34,918.14,Yeah.,-0.35000000000002274,0.7999999999999545,0,False,True,1
329,5f1269b2bf131c1c3ad768b9,917.7,928.16,"they're gonna get bored just sitting up listening to me because I haven't tasted to talk too much, but I was like, well it'll be nice like to just do it and then I mean the bonuses good so",-0.4399999999999409,10.459999999999923,0,False,True,43
330,5eebff91bd2957196e75d9c7,927.64,928.14,Yeah.,-0.5199999999999818,0.5,0,False,True,1
331,5f1269b2bf131c1c3ad768b9,928.74,931.89,I just feel bad for the people who partner don't show up and,0.6000000000000227,3.1499999999999773,0,False,False,14
332,5eebff91bd2957196e75d9c7,931.84,932.25,Yeah.,-0.049999999999954525,0.40999999999996817,0,False,True,1
333,5f1269b2bf131c1c3ad768b9,931.89,935.27,they'll be like really like you just messed me up from $15.,-0.36000000000001364,3.3799999999999955,0,False,True,14
334,5eebff91bd2957196e75d9c7,934.44,935.06,Yeah.,-0.8299999999999272,0.6199999999998909,0,False,True,1
335,5f1269b2bf131c1c3ad768b9,935.28,938.85,But it's good that they're letting people have more than one opportunity.,0.22000000000002728,3.57000000000005,0,False,False,14
336,5eebff91bd2957196e75d9c7,939.24,939.86,Yeah.,0.38999999999998636,0.6200000000000045,0,False,False,1
337,5f1269b2bf131c1c3ad768b9,940.14,947.72,Mhm. Because I think a lot of people are not going to show up just from the fact of like I've noticed a lot of people do not like being on Lepine. They,0.2799999999999727,7.580000000000041,0,False,False,34
338,5eebff91bd2957196e75d9c7,947.44,948.15,Yeah.,-0.2799999999999727,0.7099999999999227,0,False,True,1
339,5f1269b2bf131c1c3ad768b9,947.72,952.79,"don't like talking to strangers, like they just sit there and it's awkward and they don't want to do it because that",-0.42999999999995,5.069999999999936,0,False,True,25
340,5eebff91bd2957196e75d9c7,952.64,953.05,Yeah.,-0.14999999999997726,0.40999999999996817,0,False,True,1
341,5f1269b2bf131c1c3ad768b9,952.79,955.27,was what my fear was actually that my partner,-0.2599999999999909,2.480000000000018,0,False,True,9
342,5eebff91bd2957196e75d9c7,955.04,955.45,Yeah.,-0.2300000000000182,0.41000000000008185,0,False,True,1
343,5f1269b2bf131c1c3ad768b9,955.27,956.06,wouldn't show up.,-0.18000000000006366,0.7899999999999636,0,False,True,4
344,5eebff91bd2957196e75d9c7,956.34,958.16,Mhm. Yeah.,0.2800000000000864,1.8199999999999363,0,False,False,2
345,5f1269b2bf131c1c3ad768b9,957.84,962.76,"Mhm, wow. Uh But that probably happens a lot,",-0.31999999999993634,4.919999999999959,0,False,True,9
346,5eebff91bd2957196e75d9c7,963.24,964.26,It probably does.,0.4800000000000182,1.0199999999999818,0,False,False,3
347,5f1269b2bf131c1c3ad768b9,963.94,967.69,"especially when people being shined stuff, which",-0.31999999999993634,3.75,0,False,True,7
348,5eebff91bd2957196e75d9c7,967.44,967.86,Mhm.,-0.25,0.4199999999999591,0,False,True,1
349,5f1269b2bf131c1c3ad768b9,967.7,981.5,"I usually like talk a lot even with people I don't really know because I just I find myself sometimes I have to tell people like if I'm talking too much, tell me to shut up. Like I don't wanna be that person that just keeps going and going and I don't I",-0.15999999999996817,13.799999999999955,0,False,True,57
350,5eebff91bd2957196e75d9c7,981.44,981.86,Mhm.,-0.05999999999994543,0.4199999999999591,0,False,True,1
351,5f1269b2bf131c1c3ad768b9,981.5,988.96,"don't know if you know any people like that who just keep talking and keep talking and they're not paying attention to whoever they're talking to, they just want to hear themselves.",-0.36000000000001364,7.460000000000036,0,False,True,35
352,5eebff91bd2957196e75d9c7,989.14,992.96,"Yeah. I don't know anyone like that, but",0.17999999999994998,3.82000000000005,0,False,False,9
353,5f1269b2bf131c1c3ad768b9,992.54,992.75,Mhm.,-0.42000000000007276,0.21000000000003638,0,False,True,1
354,5eebff91bd2957196e75d9c7,993.54,994.82,I'm fine with it. It,0.7899999999999636,1.2800000000000864,0,False,False,6
355,5f1269b2bf131c1c3ad768b9,994.74,995.66,Oh,-0.08000000000004093,0.9199999999999591,0,False,True,1
356,5eebff91bd2957196e75d9c7,994.82,996.56,doesn't bother me or anything.,-0.8399999999999181,1.7399999999998954,0,False,True,6
357,5f1269b2bf131c1c3ad768b9,996.94,1003.97,okay. Good. Because I know a lot of people like that sometimes I'm afraid I start acting like that and I'm like I'm gonna shut up,0.38000000000010914,7.029999999999973,0,False,False,30
358,5eebff91bd2957196e75d9c7,1003.94,1004.35,Yeah.,-0.029999999999972715,0.40999999999996817,0,False,True,1
359,5f1269b2bf131c1c3ad768b9,1003.98,1015.71,but I'm just real sensitive on that like not wanting to I guess because I'm used to talking to a bunch of kids and I mean you know like I have to talk that's my job to teach,-0.37000000000000455,11.730000000000018,0,False,True,41
360,5eebff91bd2957196e75d9c7,1015.44,1016.15,Yeah.,-0.2699999999999818,0.7099999999999227,0,False,True,1
361,5f1269b2bf131c1c3ad768b9,1015.71,1022.65,"and whatever, so but as far as like just talking to somebody sometimes I talk too much.",-0.4399999999999409,6.939999999999941,0,False,True,17
362,5eebff91bd2957196e75d9c7,1022.34,1022.57,Mm.,-0.30999999999994543,0.2300000000000182,0,False,True,1
363,5f1269b2bf131c1c3ad768b9,1024.24,1041.49,"Uh huh. Uh huh stuff is still getting canceled for Halloween. I saw right before this call started that place knott's berry Farm in California. I don't know if you've heard about it, but it's like a big thing part. I",1.669999999999959,17.25,0,False,False,45
364,5eebff91bd2957196e75d9c7,1041.44,1041.77,No.,-0.049999999999954525,0.32999999999992724,0,False,True,1
365,5f1269b2bf131c1c3ad768b9,1041.49,1048.86,"guess they got this big Halloween thing every year, like a big event. Thousands of people, they ended up cancelling it. I'm like,",-0.2799999999999727,7.369999999999891,0,False,True,24
366,5eebff91bd2957196e75d9c7,1048.24,1048.56,Mhm.,-0.6199999999998909,0.31999999999993634,0,False,True,1
367,5f1269b2bf131c1c3ad768b9,1048.87,1060.45,"yeah, because october is my favorite month. I love Halloween. I love to go do stuff. And I'm like, I just feel like with this stuff, the the situation we've got going on, it's gonna get canceled. I'm",0.30999999999994543,11.580000000000155,0,False,False,43
368,5eebff91bd2957196e75d9c7,1060.44,1061.45,"Yeah,",-0.009999999999990905,1.009999999999991,0,False,True,1
369,5f1269b2bf131c1c3ad768b9,1060.45,1071.22,"like, this year has been crazy and like so new years of 2019. I remember thinking 2020 is gonna be my year and",-1.0,10.769999999999982,0,False,True,24
370,5eebff91bd2957196e75d9c7,1070.64,1071.29,I know.,-0.5799999999999272,0.6499999999998636,0,False,True,2
371,5f1269b2bf131c1c3ad768b9,1071.22,1071.47,then,-0.06999999999993634,0.25,0,False,True,1
372,5eebff91bd2957196e75d9c7,1071.3,1071.81,I,-0.17000000000007276,0.5099999999999909,0,False,True,1
373,5f1269b2bf131c1c3ad768b9,1071.47,1072.18,it happened,-0.33999999999991815,0.7100000000000364,0,False,True,2
374,5eebff91bd2957196e75d9c7,1071.82,1072.84,was crazy.,-0.36000000000012733,1.0199999999999818,0,False,True,2
375,5f1269b2bf131c1c3ad768b9,1072.18,1073.37,and I'm like really?,-0.6599999999998545,1.1899999999998272,1,True,True,5
376,5eebff91bd2957196e75d9c7,1072.85,1074.17,Yeah.,-0.5199999999999818,1.3200000000001637,0,False,True,1
377,5f1269b2bf131c1c3ad768b9,1073.37,1078.75,"What? I'm like, like",-0.8000000000001819,5.380000000000109,1,False,True,5
378,5eebff91bd2957196e75d9c7,1077.54,1078.25,Yeah.,-1.2100000000000364,0.7100000000000364,0,False,True,1
379,5f1269b2bf131c1c3ad768b9,1078.76,1091.62,"everything I had uh plan for my birthday got canceled. There's this traveling exhibit, it's called the world's biggest bouncy park, which I don't know if, you know, like the big inflatables and stuff",0.5099999999999909,12.8599999999999,0,False,False,38
380,5eebff91bd2957196e75d9c7,1091.34,1092.05,Yeah.,-0.2799999999999727,0.7100000000000364,0,False,True,1
381,5f1269b2bf131c1c3ad768b9,1091.62,1093.14,that can get on and some of them,-0.43000000000006366,1.5200000000002092,0,False,True,8
382,5eebff91bd2957196e75d9c7,1093.04,1093.66,Yeah.,-0.10000000000013642,0.6200000000001182,0,False,True,1
383,5f1269b2bf131c1c3ad768b9,1093.14,1100.72,"are big enough for adults, well, this one is gonna be in Austin and I was like, yeah, I'm gonna get on here and be a big kid. But then they got canceled.",-0.5199999999999818,7.579999999999927,0,False,True,36
384,5eebff91bd2957196e75d9c7,1100.34,1100.55,Mm.,-0.38000000000010914,0.21000000000003638,0,False,True,1
385,5f1269b2bf131c1c3ad768b9,1100.73,1107.35,"And then the renaissance festival that I was gonna go to got cancelled. Then the concert that I was gonna go to got canceled. I was like, man.",0.18000000000006366,6.619999999999891,0,False,False,30
386,5eebff91bd2957196e75d9c7,1106.94,1109.26,Mhm. Yeah.,-0.4099999999998545,2.3199999999999363,0,False,True,2
387,5f1269b2bf131c1c3ad768b9,1109.04,1109.36,Mhm.,-0.22000000000002728,0.31999999999993634,0,False,True,1
388,5eebff91bd2957196e75d9c7,1109.27,1110.46,"Well, he's getting cancer.",-0.08999999999991815,1.1900000000000546,0,False,True,5
389,5f1269b2bf131c1c3ad768b9,1109.84,1112.07,"Uh huh. Yeah, I'm",-0.6200000000001182,2.230000000000018,0,False,True,5
390,5eebff91bd2957196e75d9c7,1112.04,1112.61,I,-0.029999999999972715,0.5699999999999363,0,False,True,1
391,5f1269b2bf131c1c3ad768b9,1112.07,1112.95,"like,",-0.5399999999999636,0.8800000000001091,0,False,True,1
392,5eebff91bd2957196e75d9c7,1112.62,1114.02,feel like in texas things sometimes,-0.3300000000001546,1.400000000000091,0,False,True,6
393,5f1269b2bf131c1c3ad768b9,1113.94,1114.14,thank,-0.07999999999992724,0.20000000000004547,0,False,True,1
394,5eebff91bd2957196e75d9c7,1114.02,1114.2,like,-0.12000000000011823,0.18000000000006366,0,False,True,1
395,5f1269b2bf131c1c3ad768b9,1114.14,1114.36,you.,-0.05999999999994543,0.2199999999997999,0,False,True,1
396,5eebff91bd2957196e75d9c7,1114.21,1116.85,open up more than like other states. That's like,-0.14999999999986358,2.6399999999998727,0,False,True,10
397,5f1269b2bf131c1c3ad768b9,1116.74,1117.27,Yeah.,-0.10999999999989996,0.5299999999999727,0,False,True,1
398,5eebff91bd2957196e75d9c7,1116.85,1118.46,what the corona rates are going up.,-0.42000000000007276,1.6100000000001273,0,False,True,7
399,5f1269b2bf131c1c3ad768b9,1119.34,1123.79,"Right. Exactly. And then a lot of people in texas don't wanna wear masks, even now,",0.8799999999998818,4.4500000000000455,0,False,False,17
400,5eebff91bd2957196e75d9c7,1123.54,1124.34,Yeah.,-0.25,0.7999999999999545,0,False,True,1
401,5f1269b2bf131c1c3ad768b9,1123.79,1126.57,"I'm like, it's not gonna kill you to put a piece of fabric",-0.5499999999999545,2.7799999999999727,0,False,True,16
402,5eebff91bd2957196e75d9c7,1126.24,1126.77,Yeah.,-0.32999999999992724,0.5299999999999727,0,False,True,1
403,5f1269b2bf131c1c3ad768b9,1126.58,1128.99,"over your mouth and nose for like five minutes,",-0.19000000000005457,2.410000000000082,0,False,True,9
404,5eebff91bd2957196e75d9c7,1128.84,1129.26,Mhm.,-0.15000000000009095,0.42000000000007276,0,False,True,1
405,5f1269b2bf131c1c3ad768b9,1128.99,1130.59,Whatever people,-0.2699999999999818,1.599999999999909,0,False,True,2
406,5eebff91bd2957196e75d9c7,1130.44,1130.94,Yeah.,-0.14999999999986358,0.5,0,False,True,1
407,5f1269b2bf131c1c3ad768b9,1130.59,1138.25,"kill me with that because like at the group home I have to wear a mask, my whole shift and I work 15 hour shift and you know,",-0.3500000000001364,7.660000000000082,0,False,True,28
408,5eebff91bd2957196e75d9c7,1137.84,1138.17,Mhm.,-0.41000000000008185,0.3300000000001546,0,False,True,1
409,5f1269b2bf131c1c3ad768b9,1138.26,1146.86,"it irritates me, but when I get doing some type of way, I just go in the bathroom, take it off a little bit, then get out, put it back on like it's not that big of a deal. People",0.08999999999991815,8.599999999999909,0,False,False,41
410,5eebff91bd2957196e75d9c7,1146.64,1147.35,Yeah.,-0.2199999999997999,0.709999999999809,0,False,True,1
411,5f1269b2bf131c1c3ad768b9,1146.86,1150.54,act like killing them to cover their mouth and nose. I,-0.4900000000000091,3.6800000000000637,0,False,True,11
412,5eebff91bd2957196e75d9c7,1150.44,1151.06,Yeah.,-0.09999999999990905,0.6199999999998909,0,False,True,1
413,5f1269b2bf131c1c3ad768b9,1150.54,1156.66,"was just like, I mean unless they just got bad breath, like why are you complaining? Some",-0.5199999999999818,6.120000000000118,1,False,True,17
414,5eebff91bd2957196e75d9c7,1156.24,1156.95,Yeah.,-0.42000000000007276,0.7100000000000364,0,False,True,1
415,5f1269b2bf131c1c3ad768b9,1156.66,1161.35,people I understand they really do have medical problems and all that and,-0.2899999999999636,4.689999999999827,0,False,True,13
416,5eebff91bd2957196e75d9c7,1161.34,1161.84,Yeah.,-0.009999999999990905,0.5,0,False,True,1
417,5f1269b2bf131c1c3ad768b9,1161.35,1169.46,"like little kids and stuff, they should be exempt. But most people are just grown whiny babies that is not going to kill them, putting over has gone.",-0.4900000000000091,8.110000000000127,0,False,True,28
418,5eebff91bd2957196e75d9c7,1169.64,1170.35,Yeah.,0.18000000000006366,0.709999999999809,0,False,False,1
419,5f1269b2bf131c1c3ad768b9,1170.34,1180.25,"The thing of it is what I really don't understand is they say, oh well, you know, I have a right not to wear a mask now, you have a right to stay at home if",-0.009999999999990905,9.910000000000082,0,False,True,37
420,5eebff91bd2957196e75d9c7,1179.94,1180.56,Yeah.,-0.30999999999994543,0.6199999999998909,0,False,True,1
421,5f1269b2bf131c1c3ad768b9,1180.25,1181.86,"you do that, like",-0.30999999999994543,1.6099999999999,0,False,True,4
422,5eebff91bd2957196e75d9c7,1181.84,1182.34,Yeah.,-0.01999999999998181,0.5,0,False,True,1
423,5f1269b2bf131c1c3ad768b9,1181.87,1187.68,"you can get grocery delivery, food delivery, alcohol delivery, like what",-0.4700000000000273,5.810000000000173,0,False,True,11
424,5eebff91bd2957196e75d9c7,1187.54,1188.16,Yeah.,-0.14000000000010004,0.6200000000001182,0,False,True,1
425,5f1269b2bf131c1c3ad768b9,1187.68,1190.26,could you possibly just have to go out for?,-0.4800000000000182,2.5799999999999272,1,True,True,9
426,5eebff91bd2957196e75d9c7,1190.14,1190.85,Yeah.,-0.11999999999989086,0.709999999999809,0,False,True,1
427,5f1269b2bf131c1c3ad768b9,1190.27,1194.36,"They ruin it for everybody. I can't stand there,",-0.5799999999999272,4.089999999999918,0,False,True,10
428,5eebff91bd2957196e75d9c7,1194.84,1197.86,So are you working at school district next then? I got,0.4800000000000182,3.019999999999982,1,False,False,11
429,5f1269b2bf131c1c3ad768b9,1197.74,1198.18,I,-0.11999999999989086,0.44000000000005457,0,False,True,1
430,5eebff91bd2957196e75d9c7,1197.86,1198.35,"to school,",-0.3200000000001637,0.4900000000000091,0,False,True,2
431,5f1269b2bf131c1c3ad768b9,1198.18,1205.36,"want to, but it's all right now, everything is virtual and they kind of freezed up on the hiring until",-0.16999999999984539,7.179999999999836,0,False,True,21
432,5eebff91bd2957196e75d9c7,1205.34,1205.66,Yeah.,-0.01999999999998181,0.3200000000001637,0,False,True,1
433,5f1269b2bf131c1c3ad768b9,1205.36,1207.39,they get their budgets together,-0.3000000000001819,2.0300000000002,0,False,True,5
434,5eebff91bd2957196e75d9c7,1207.34,1207.69,Oh,-0.0500000000001819,0.3500000000001364,0,False,True,1
435,5f1269b2bf131c1c3ad768b9,1207.4,1207.78,and,-0.2899999999999636,0.37999999999988177,0,False,True,1
436,5eebff91bd2957196e75d9c7,1207.69,1208.35,yeah.,-0.08999999999991815,0.6599999999998545,0,False,True,1
437,5f1269b2bf131c1c3ad768b9,1207.78,1209.36,"stuff like that, so",-0.5699999999999363,1.5799999999999272,0,False,True,4
438,5eebff91bd2957196e75d9c7,1208.84,1209.16,Yeah.,-0.5199999999999818,0.3200000000001637,0,False,True,1
439,5f1269b2bf131c1c3ad768b9,1209.37,1214.17,"I'm like, I'm probably gonna end up having to wait till next year.",0.209999999999809,4.800000000000182,0,False,False,16
440,5eebff91bd2957196e75d9c7,1214.44,1215.27,Nice game.,0.2699999999999818,0.8299999999999272,0,False,False,2
441,5f1269b2bf131c1c3ad768b9,1215.44,1216.43,"Yeah, which",0.17000000000007276,0.9900000000000091,0,False,False,2
442,5eebff91bd2957196e75d9c7,1216.24,1216.57,Because,-0.19000000000005457,0.32999999999992724,0,False,True,1
443,5f1269b2bf131c1c3ad768b9,1216.43,1216.6,is,-0.13999999999987267,0.16999999999984539,0,False,True,1
444,5eebff91bd2957196e75d9c7,1216.57,1216.63,I,-0.029999999999972715,0.060000000000172804,0,False,True,1
445,5f1269b2bf131c1c3ad768b9,1216.6,1217.17,fine.,-0.03000000000020009,0.5700000000001637,0,False,True,1
446,5eebff91bd2957196e75d9c7,1216.63,1221.36,"want to talk about, yeah. I was wondering if I was gonna work, cause like you said, you want to teach like second grade, right?",-0.5399999999999636,4.729999999999791,1,True,True,26
447,5f1269b2bf131c1c3ad768b9,1221.34,1221.75,"Yeah,",-0.01999999999998181,0.41000000000008185,0,False,True,1
448,5eebff91bd2957196e75d9c7,1222.24,1224.46,Yeah. And there's like a bunch of little kids and,0.4900000000000091,2.2200000000000273,0,False,False,11
449,5f1269b2bf131c1c3ad768b9,1224.34,1224.96,"Yeah,",-0.12000000000011823,0.6200000000001182,0,False,True,1
450,5eebff91bd2957196e75d9c7,1224.46,1227.27,they're probably gonna be like wearing a mask and stuff. I was wondering how that worked.,-0.5,2.8099999999999454,0,False,True,18
451,5f1269b2bf131c1c3ad768b9,1227.54,1230.34,"Right. Yeah, they're gonna take it off trade",0.2699999999999818,2.7999999999999545,0,False,False,10
452,5eebff91bd2957196e75d9c7,1230.04,1230.59,"Yeah,",-0.2999999999999545,0.5499999999999545,0,False,True,1
453,5f1269b2bf131c1c3ad768b9,1230.34,1230.96,moles.,-0.25,0.6200000000001182,0,False,True,1
454,5eebff91bd2957196e75d9c7,1230.59,1231.45,I play with it.,-0.37000000000011823,0.8600000000001273,0,False,True,4
455,5f1269b2bf131c1c3ad768b9,1231.54,1232.94,"Exactly,",0.08999999999991815,1.400000000000091,0,False,False,1
456,5eebff91bd2957196e75d9c7,1232.94,1233.65,Yeah.,0.0,0.7100000000000364,0,False,False,1
457,5f1269b2bf131c1c3ad768b9,1232.95,1244.45,"so that would just be a whole big issue, but I guess I kind of feel like with the younger kids, we kinda used to them messing with stuff and playing",-0.7000000000000455,11.5,0,False,True,31
458,5eebff91bd2957196e75d9c7,1244.24,1244.66,Mhm.,-0.21000000000003638,0.42000000000007276,0,False,True,1
459,5f1269b2bf131c1c3ad768b9,1244.45,1249.61,around and all that. I just can't imagine having to tell 25 different kids put your mask on and,-0.21000000000003638,5.1599999999998545,0,False,True,20
460,5eebff91bd2957196e75d9c7,1249.54,1250.05,Mm.,-0.06999999999993634,0.5099999999999909,0,False,True,1
461,5f1269b2bf131c1c3ad768b9,1249.61,1261.3,all this. But I think they're gonna be virtual the first like four weeks of school and then after Labor Day they're going in person. So we'll see how that works. I,-0.44000000000005457,11.690000000000055,0,False,True,36
462,5eebff91bd2957196e75d9c7,1261.14,1261.36,What,-0.15999999999985448,0.2199999999997999,0,False,True,1
463,5f1269b2bf131c1c3ad768b9,1261.3,1262.16,"don't,",-0.05999999999994543,0.8600000000001273,0,False,True,2
464,5eebff91bd2957196e75d9c7,1261.36,1262.76,they're doing everyone in person?,-0.8000000000001819,1.400000000000091,1,True,True,6
465,5f1269b2bf131c1c3ad768b9,1263.44,1268.84,"if they want to, like, we had the option to where your kid can either stay virtual or they can go in",0.6800000000000637,5.399999999999864,0,False,False,22
466,5eebff91bd2957196e75d9c7,1268.64,1269.17,Yeah.,-0.1999999999998181,0.5299999999999727,0,False,True,1
467,5f1269b2bf131c1c3ad768b9,1268.84,1269.99,school if they,-0.3300000000001546,1.150000000000091,0,False,True,3
468,5eebff91bd2957196e75d9c7,1269.94,1270.56,Yeah.,-0.049999999999954525,0.6199999999998909,0,False,True,1
469,5f1269b2bf131c1c3ad768b9,1269.99,1273.76,want to. So my daughter wants to go to school. So,-0.5699999999999363,3.769999999999982,0,False,True,11
470,5eebff91bd2957196e75d9c7,1273.44,1273.86,Mhm.,-0.31999999999993634,0.4199999999998454,0,False,True,1
471,5f1269b2bf131c1c3ad768b9,1273.77,1276.99,"I told her okay, but I mean you have to wear a mask and you",-0.08999999999991815,3.2200000000000273,0,False,True,15
472,5eebff91bd2957196e75d9c7,1276.94,1277.36,Mhm.,-0.049999999999954525,0.4199999999998454,0,False,True,1
473,5f1269b2bf131c1c3ad768b9,1276.99,1279.99,"have to do this. And I'm like, I'm like,",-0.36999999999989086,3.0,0,False,True,11
474,5eebff91bd2957196e75d9c7,1279.94,1280.17,Mhm.,-0.049999999999954525,0.2300000000000182,0,False,True,1
475,5f1269b2bf131c1c3ad768b9,1280.0,1283.95,"listen, you have to follow the rules or you can't go. So",-0.17000000000007276,3.9500000000000455,0,False,True,13
476,5eebff91bd2957196e75d9c7,1283.44,1283.85,Yeah.,-0.5099999999999909,0.4099999999998545,0,False,True,1
477,5f1269b2bf131c1c3ad768b9,1284.64,1290.77,"I don't know, I feel, I do feel bad for the kids, like we're all going through something we've never experienced",0.790000000000191,6.129999999999882,0,False,False,24
478,5eebff91bd2957196e75d9c7,1290.44,1290.67,Mhm.,-0.32999999999992724,0.2300000000000182,0,False,True,1
479,5f1269b2bf131c1c3ad768b9,1290.77,1291.58,"before, but",0.09999999999990905,0.8099999999999454,0,False,False,2
480,5eebff91bd2957196e75d9c7,1291.54,1292.04,Yeah.,-0.03999999999996362,0.5,0,False,True,1
481,5f1269b2bf131c1c3ad768b9,1291.58,1293.32,"kids don't understand, like",-0.4600000000000364,1.740000000000009,0,False,True,5
482,5eebff91bd2957196e75d9c7,1293.04,1293.66,Yeah.,-0.2799999999999727,0.6200000000001182,0,False,True,1
483,5f1269b2bf131c1c3ad768b9,1293.32,1294.27,"they don't get it,",-0.3400000000001455,0.9500000000000455,0,False,True,5
484,5eebff91bd2957196e75d9c7,1294.64,1295.17,Yeah.,0.37000000000011823,0.5299999999999727,0,False,False,1
485,5f1269b2bf131c1c3ad768b9,1294.74,1297.67,so I feel bad for him. Well,-0.43000000000006366,2.9300000000000637,0,False,True,7
486,5eebff91bd2957196e75d9c7,1296.64,1297.17,Yeah.,-1.0299999999999727,0.5299999999999727,0,False,True,1
487,5f1269b2bf131c1c3ad768b9,1298.54,1300.67,this is definitely gonna be in history books.,1.3699999999998909,2.130000000000109,0,False,False,9
488,5eebff91bd2957196e75d9c7,1300.94,1303.16,"Yeah, definitely. For sure.",0.2699999999999818,2.2200000000000273,0,False,False,4
489,5f1269b2bf131c1c3ad768b9,1302.74,1306.05,Uh It's like we're living through like history right,-0.42000000000007276,3.3099999999999454,0,False,True,11
490,5eebff91bd2957196e75d9c7,1306.04,1307.26,Yeah.,-0.009999999999990905,1.2200000000000273,0,False,True,1
491,5f1269b2bf131c1c3ad768b9,1306.05,1308.17,"now, everything is crazy,",-1.2100000000000364,2.1200000000001182,0,False,True,4
492,5eebff91bd2957196e75d9c7,1308.94,1309.95,Yes. Yeah.,0.7699999999999818,1.009999999999991,0,False,False,2
493,5f1269b2bf131c1c3ad768b9,1309.84,1312.94,but it's definitely interesting. I,-0.11000000000012733,3.1000000000001364,0,False,True,6
494,5eebff91bd2957196e75d9c7,1312.84,1313.25,Yeah.,-0.10000000000013642,0.41000000000008185,0,False,True,1
495,5f1269b2bf131c1c3ad768b9,1312.94,1318.44,"just hope we'll go back to normal, but I say that, but I don't think it's ever gonna go back like it was",-0.30999999999994543,5.5,0,False,True,27
496,5eebff91bd2957196e75d9c7,1318.44,1318.74,Yeah.,0.0,0.2999999999999545,0,False,False,1
497,5f1269b2bf131c1c3ad768b9,1318.45,1318.77,broken.,-0.2899999999999636,0.31999999999993634,0,False,True,1
498,5eebff91bd2957196e75d9c7,1318.74,1319.54,I don't think everyone go,-0.029999999999972715,0.7999999999999545,0,False,True,6
499,5f1269b2bf131c1c3ad768b9,1319.44,1319.67,Mhm.,-0.09999999999990905,0.2300000000000182,0,False,True,1
500,5eebff91bd2957196e75d9c7,1319.54,1320.45,back to normal.,-0.13000000000010914,0.9100000000000819,0,False,True,3
501,5f1269b2bf131c1c3ad768b9,1320.64,1322.94,Uh huh.,0.19000000000005457,2.2999999999999545,0,False,False,2
502,5eebff91bd2957196e75d9c7,1321.34,1324.47,I felt like in schools they're gonna like reduce class sizes.,-1.6000000000001364,3.130000000000109,0,False,True,13
503,5f1269b2bf131c1c3ad768b9,1324.14,1324.46,Mhm.,-0.32999999999992724,0.31999999999993634,0,False,True,1
504,5eebff91bd2957196e75d9c7,1324.47,1329.37,"Like even when the virus isn't like, like as big as it is right now. I feel",0.009999999999990905,4.899999999999864,0,False,False,18
505,5f1269b2bf131c1c3ad768b9,1329.34,1330.05,"Yeah,",-0.029999999999972715,0.7100000000000364,0,False,True,1
506,5eebff91bd2957196e75d9c7,1329.37,1331.36,like they're going to change things permanently.,-0.6800000000000637,1.990000000000009,0,False,True,8
507,5f1269b2bf131c1c3ad768b9,1331.94,1337.36,"I think so too, which would be a good thing because honestly class sizes are too big. I feel like,",0.5800000000001546,5.419999999999845,0,False,False,20
508,5eebff91bd2957196e75d9c7,1337.84,1338.46,Yeah.,0.4800000000000182,0.6200000000001182,0,False,False,1
509,5f1269b2bf131c1c3ad768b9,1338.44,1348.96,"well hopefully, or even if they could somehow maybe do like a block schedule because some schools have talked about having like some of the kids go monday, Wednesday, friday,",-0.01999999999998181,10.519999999999982,0,False,True,30
510,5eebff91bd2957196e75d9c7,1348.94,1349.26,Oh,-0.01999999999998181,0.31999999999993634,0,False,True,1
511,5f1269b2bf131c1c3ad768b9,1348.96,1349.58,whatever,-0.2999999999999545,0.6199999999998909,0,False,True,1
512,5eebff91bd2957196e75d9c7,1349.26,1349.86,yeah.,-0.31999999999993634,0.599999999999909,0,False,True,1
513,5f1269b2bf131c1c3ad768b9,1349.59,1350.7,over Tuesday,-0.2699999999999818,1.1100000000001273,0,False,True,2
514,5eebff91bd2957196e75d9c7,1350.64,1351.26,Yeah.,-0.05999999999994543,0.6199999999998909,0,False,True,1
515,5f1269b2bf131c1c3ad768b9,1350.7,1355.05,thursday and I like that you need because then it would get them used to going to college and stuff because,-0.5599999999999454,4.349999999999909,0,False,True,21
516,5eebff91bd2957196e75d9c7,1355.24,1355.86,Yeah.,0.19000000000005457,0.6199999999998909,0,False,False,1
517,5f1269b2bf131c1c3ad768b9,1355.44,1362.97,"I feel like kids need to be prepared as young as possible because I mean, nobody goes to the same college class five days a week. Like get them",-0.4199999999998454,7.529999999999973,0,False,True,29
518,5eebff91bd2957196e75d9c7,1362.84,1363.34,Yeah.,-0.13000000000010914,0.5,0,False,True,1
519,5f1269b2bf131c1c3ad768b9,1362.97,1369.62,"used for having to switch and having to keep up with this work for this class and this work for this class. I mean,",-0.36999999999989086,6.649999999999864,0,False,True,24
520,5eebff91bd2957196e75d9c7,1369.24,1369.65,Yeah.,-0.37999999999988177,0.41000000000008185,0,False,True,1
521,5f1269b2bf131c1c3ad768b9,1369.63,1372.06,"instead of just, you know, I don't know.",-0.01999999999998181,2.4299999999998363,0,False,True,9
522,5eebff91bd2957196e75d9c7,1372.34,1372.78,Yeah.,0.2799999999999727,0.44000000000005457,0,False,False,1
523,5f1269b2bf131c1c3ad768b9,1372.54,1373.25,Yeah.,-0.2400000000000091,0.7100000000000364,0,False,True,1
524,5eebff91bd2957196e75d9c7,1372.78,1373.52,I got a kissing.,-0.4700000000000273,0.7400000000000091,0,False,True,4
525,5f1269b2bf131c1c3ad768b9,1373.94,1374.65,Uh huh,0.42000000000007276,0.7100000000000364,0,False,False,2
526,5eebff91bd2957196e75d9c7,1375.04,1375.84,Yeah.,0.38999999999987267,0.7999999999999545,0,False,False,1
527,5f1269b2bf131c1c3ad768b9,1375.34,1377.86,Because I know I like that. I love like,-0.5,2.519999999999982,0,False,True,9
528,5eebff91bd2957196e75d9c7,1378.54,1379.04,Yeah.,0.6800000000000637,0.5,0,False,False,1
529,5f1269b2bf131c1c3ad768b9,1378.94,1383.03,having that freedom to do your schedule. Like you want to,-0.09999999999990905,4.089999999999918,0,False,True,11
530,5eebff91bd2957196e75d9c7,1382.64,1383.26,Yeah.,-0.38999999999987267,0.6199999999998909,0,False,True,1
531,5f1269b2bf131c1c3ad768b9,1383.04,1397.47,"kind of work it to your advantage. But one semester I ended up having like a two hour break in between classes. I don't know how that happened. Like I've messed up, but I used to always skip that second class because I don't feel like sitting around. I'm",-0.22000000000002728,14.430000000000064,0,False,True,53
532,5eebff91bd2957196e75d9c7,1397.44,1397.67,Mhm,-0.029999999999972715,0.2300000000000182,0,False,True,1
533,5f1269b2bf131c1c3ad768b9,1397.47,1400.59,"just look at myself now and I'm like, why did I even do that? I",-0.20000000000004547,3.119999999999891,1,False,True,16
534,5eebff91bd2957196e75d9c7,1400.54,1400.95,Yeah.,-0.049999999999954525,0.41000000000008185,0,False,True,1
535,5f1269b2bf131c1c3ad768b9,1400.59,1404.76,"should take myself to class. But I don't know,",-0.36000000000012733,4.170000000000073,0,False,True,10
536,5eebff91bd2957196e75d9c7,1404.34,1404.75,Yeah.,-0.42000000000007276,0.41000000000008185,0,False,True,1
537,5f1269b2bf131c1c3ad768b9,1405.74,1415.55,"that was a fun time back then. Like, if I could go back and relive it because I'm at the age now where I feel like, like younger people like your age,",0.9900000000000091,9.809999999999945,0,False,False,33
538,5eebff91bd2957196e75d9c7,1415.74,1416.36,Yeah.,0.19000000000005457,0.6199999999998909,0,False,False,1
539,5f1269b2bf131c1c3ad768b9,1415.94,1421.2,"I'm not, you know how you have your grandma and them to tell you well, you need to do this and you need to do that. Like,",-0.4199999999998454,5.259999999999991,0,False,True,28
540,5eebff91bd2957196e75d9c7,1421.04,1421.45,Yeah.,-0.16000000000008185,0.41000000000008185,0,False,True,1
541,5f1269b2bf131c1c3ad768b9,1421.2,1423.31,I feel like that's me now because that,-0.25,2.1099999999999,0,False,True,9
542,5eebff91bd2957196e75d9c7,1423.14,1423.95,Mhm.,-0.16999999999984539,0.8099999999999454,0,False,True,1
543,5f1269b2bf131c1c3ad768b9,1423.31,1429.88,"I'm 35 I feel myself trying to tell younger people, so I have to tell myself you be quiet like,",-0.6400000000001,6.570000000000164,0,False,True,21
544,5eebff91bd2957196e75d9c7,1429.24,1429.77,Mhm.,-0.6400000000001,0.5299999999999727,0,False,True,1
545,5f1269b2bf131c1c3ad768b9,1429.89,1430.36,but,0.12000000000011823,0.4699999999997999,0,False,False,1
546,5eebff91bd2957196e75d9c7,1430.14,1431.16,Mhm,-0.2199999999997999,1.0199999999999818,0,False,True,1
547,5f1269b2bf131c1c3ad768b9,1430.36,1436.12,"I just came up and like, y'all got literally the world, you know, in your hands. So take",-0.8000000000001819,5.759999999999991,0,False,True,19
548,5eebff91bd2957196e75d9c7,1435.94,1436.56,Yeah.,-0.1799999999998363,0.6199999999998909,0,False,True,1
549,5f1269b2bf131c1c3ad768b9,1436.12,1440.32,"it like, do everything, you can enjoy",-0.44000000000005457,4.2000000000000455,0,False,True,7
550,5eebff91bd2957196e75d9c7,1439.64,1439.85,Mm,-0.6799999999998363,0.209999999999809,0,False,True,1
551,5f1269b2bf131c1c3ad768b9,1440.32,1442.77,"your life, have fun while you can because",0.4700000000000273,2.4500000000000455,0,False,False,8
552,5eebff91bd2957196e75d9c7,1442.84,1443.46,mm,0.06999999999993634,0.6200000000001182,0,False,False,1
553,5f1269b2bf131c1c3ad768b9,1443.24,1447.05,"I mean it's not always going to be, you know, you can do anything you want to,",-0.22000000000002728,3.8099999999999454,0,False,True,18
554,5eebff91bd2957196e75d9c7,1447.74,1448.36,Yeah.,0.6900000000000546,0.6199999999998909,0,False,False,1
555,5f1269b2bf131c1c3ad768b9,1448.44,1449.66,"but yeah,",0.08000000000015461,1.2200000000000273,0,False,False,2
556,5eebff91bd2957196e75d9c7,1451.44,1453.17,Uh huh.,1.7799999999999727,1.7300000000000182,0,False,False,2
557,5f1269b2bf131c1c3ad768b9,1459.24,1459.55,we don't,6.069999999999936,0.30999999999994543,0,False,False,3
558,5eebff91bd2957196e75d9c7,1459.54,1459.77,Mhm,-0.009999999999990905,0.2300000000000182,0,False,True,1
559,5f1269b2bf131c1c3ad768b9,1459.55,1463.35,have too much longer until 25 minutes. Is that what time does it say on your clock?,-0.22000000000002728,3.7999999999999545,1,True,True,17
560,5eebff91bd2957196e75d9c7,1463.64,1464.05,um,0.290000000000191,0.4099999999998545,0,False,False,1
561,5f1269b2bf131c1c3ad768b9,1463.74,1463.94,"Yeah,",-0.30999999999994543,0.20000000000004547,0,False,True,1
562,5eebff91bd2957196e75d9c7,1464.05,1465.56,says 9 23.,0.10999999999989996,1.509999999999991,0,False,False,3
563,5f1269b2bf131c1c3ad768b9,1465.64,1467.35,A man says exacting,0.08000000000015461,1.709999999999809,0,False,False,4
564,5eebff91bd2957196e75d9c7,1467.64,1468.26,Yeah.,0.290000000000191,0.6199999999998909,0,False,False,1
565,5f1269b2bf131c1c3ad768b9,1468.44,1470.34,"right, Yeah, can we",0.18000000000006366,1.8999999999998636,0,False,False,4
566,5eebff91bd2957196e75d9c7,1470.24,1470.44,Yeah.,-0.09999999999990905,0.20000000000004547,0,False,True,1
567,5f1269b2bf131c1c3ad768b9,1470.34,1474.67,stop exactly at 25 minutes? Did it stay on there? I don't want to close the window help?,-0.10000000000013642,4.330000000000155,3,True,True,19
568,5eebff91bd2957196e75d9c7,1474.84,1478.01,Yeah. I want to close them either. I'm probably gonna break like a minute,0.16999999999984539,3.1700000000000728,0,False,False,16
569,5f1269b2bf131c1c3ad768b9,1477.84,1478.17,Mhm,-0.17000000000007276,0.3300000000001546,0,False,True,1
570,5eebff91bd2957196e75d9c7,1478.01,1478.86,till after.,-0.16000000000008185,0.849999999999909,0,False,True,2
571,5f1269b2bf131c1c3ad768b9,1479.24,1481.75,Yeah. You know what? That's a good idea. That's a real,0.38000000000010914,2.509999999999991,1,False,False,13
572,5eebff91bd2957196e75d9c7,1481.64,1482.06,Mhm.,-0.10999999999989996,0.4199999999998454,0,False,True,1
573,5f1269b2bf131c1c3ad768b9,1481.75,1483.01,good idea. That makes me,-0.30999999999994543,1.259999999999991,0,False,True,5
574,5eebff91bd2957196e75d9c7,1482.94,1483.17,Mhm,-0.06999999999993634,0.2300000000000182,0,False,True,1
575,5f1269b2bf131c1c3ad768b9,1483.01,1490.79,"think that when I have to clock in at the hospital, the time clock, sometimes, if you were like right on the time, it would cut you off and then",-0.16000000000008185,7.779999999999973,0,False,True,30
576,5eebff91bd2957196e75d9c7,1490.64,1491.26,Yeah.,-0.14999999999986358,0.6199999999998909,0,False,True,1
577,5f1269b2bf131c1c3ad768b9,1490.79,1496.22,you'd be short or either that people thought they could clock in right on time and maybe a minute late and,-0.4700000000000273,5.430000000000064,0,False,True,22
578,5eebff91bd2957196e75d9c7,1496.04,1496.96,Yeah.,-0.18000000000006366,0.9200000000000728,0,False,True,1
579,5f1269b2bf131c1c3ad768b9,1496.22,1500.86,get yelled at my uh Uh huh,-0.7400000000000091,4.639999999999873,0,False,True,7
580,5eebff91bd2957196e75d9c7,1500.84,1501.05,Mhm.,-0.01999999999998181,0.21000000000003638,0,False,True,1
581,5f1269b2bf131c1c3ad768b9,1501.34,1508.17,"Yeah, Yeah, every day. Mhm",0.2899999999999636,6.830000000000155,0,False,False,5
582,5eebff91bd2957196e75d9c7,1508.74,1509.55,Okay.,0.5699999999999363,0.8099999999999454,0,False,False,1
583,5f1269b2bf131c1c3ad768b9,1509.34,1509.96,I want to thank you,-0.21000000000003638,0.6200000000001182,0,False,True,5
584,5eebff91bd2957196e75d9c7,1510.44,1511.27,Yeah.,0.4800000000000182,0.8299999999999272,0,False,False,1
585,5f1269b2bf131c1c3ad768b9,1510.74,1517.71,"after this, I gotta work out, I need to lift weights, I got to clean my house, I got so much stuff to do. So",-0.5299999999999727,6.970000000000027,0,False,True,26
586,5eebff91bd2957196e75d9c7,1516.74,1517.27,Mhm.,-0.9700000000000273,0.5299999999999727,0,False,True,1
587,5f1269b2bf131c1c3ad768b9,1517.71,1518.17,much stuff,0.44000000000005457,0.4600000000000364,0,False,False,2
588,5eebff91bd2957196e75d9c7,1517.94,1518.17,Uh huh.,-0.2300000000000182,0.2300000000000182,0,False,True,2
589,5f1269b2bf131c1c3ad768b9,1518.17,1521.17,to do. Are you taking it easy today or you got a lot on your plate?,0.0,3.0,1,True,False,16
590,5eebff91bd2957196e75d9c7,1520.84,1523.25,I mean the whole quarantine. I've been taking it,-0.3300000000001546,2.410000000000082,0,False,True,10
591,5f1269b2bf131c1c3ad768b9,1523.23,1524.06,Power?,-0.01999999999998181,0.8299999999999272,1,True,True,1
592,5eebff91bd2957196e75d9c7,1523.25,1530.05,easy. I really been doing much really and I still work out and I play like basketball. But,-0.8099999999999454,6.7999999999999545,0,False,True,18
593,5f1269b2bf131c1c3ad768b9,1530.08,1532.05,Al Qaeda is cool. Mhm,0.029999999999972715,1.9700000000000273,0,False,False,5
594,5eebff91bd2957196e75d9c7,1531.84,1532.46,yeah.,-0.21000000000003638,0.6200000000001182,0,False,True,1
595,5f1269b2bf131c1c3ad768b9,1532.54,1533.04,"Yeah,",0.07999999999992724,0.5,0,False,False,1
596,5eebff91bd2957196e75d9c7,1533.14,1533.46,Mhm.,0.10000000000013642,0.31999999999993634,0,False,False,1
597,5f1269b2bf131c1c3ad768b9,1534.64,1534.84,"yeah,",1.1800000000000637,0.1999999999998181,0,False,False,1
598,5eebff91bd2957196e75d9c7,1536.14,1538.89,I like I like the rec leagues and stuff. They're all shut down,1.300000000000182,2.75,0,False,False,14
599,5f1269b2bf131c1c3ad768b9,1538.74,1539.06,yeah.,-0.15000000000009095,0.31999999999993634,0,False,True,1
600,5eebff91bd2957196e75d9c7,1538.9,1539.72,because like the,-0.15999999999985448,0.8199999999999363,0,False,True,3
601,5f1269b2bf131c1c3ad768b9,1539.54,1539.86,Mhm.,-0.18000000000006366,0.31999999999993634,0,False,True,1
602,5eebff91bd2957196e75d9c7,1539.72,1540.96,virus so,-0.13999999999987267,1.240000000000009,0,False,True,2
603,5f1269b2bf131c1c3ad768b9,1540.44,1542.69,"I'm not uh yeah,",-0.5199999999999818,2.25,0,False,True,5
604,5eebff91bd2957196e75d9c7,1542.34,1542.79,you can play,-0.3500000000001364,0.4500000000000455,0,False,True,3
605,5f1269b2bf131c1c3ad768b9,1542.69,1542.91,that's,-0.09999999999990905,0.22000000000002728,0,False,True,2
606,5eebff91bd2957196e75d9c7,1542.79,1543.05,against,-0.12000000000011823,0.2599999999999909,0,False,True,1
607,5f1269b2bf131c1c3ad768b9,1542.91,1543.27,"fine,",-0.13999999999987267,0.35999999999989996,0,False,True,1
608,5eebff91bd2957196e75d9c7,1543.05,1543.96,other people.,-0.22000000000002728,0.9100000000000819,0,False,True,2
609,5f1269b2bf131c1c3ad768b9,1543.94,1546.77,"wow, I was a member of the y",-0.01999999999998181,2.8299999999999272,0,False,True,8
610,5eebff91bd2957196e75d9c7,1546.64,1546.84,Yeah.,-0.12999999999988177,0.1999999999998181,0,False,True,1
611,5f1269b2bf131c1c3ad768b9,1546.78,1555.42,"and they ended up, yeah, the open gym, they had to quit that and I felt so bad for the guys who used to go out there and play basketball, you know what I'm saying? Like multiple times",-0.05999999999994543,8.6400000000001,1,False,True,39
612,5eebff91bd2957196e75d9c7,1555.24,1555.95,Yeah.,-0.18000000000006366,0.7100000000000364,0,False,True,1
613,5f1269b2bf131c1c3ad768b9,1555.42,1556.84,"a week. I was like,",-0.5299999999999727,1.4199999999998454,0,False,True,5
614,5eebff91bd2957196e75d9c7,1556.74,1557.27,Yeah.,-0.09999999999990905,0.5299999999999727,0,False,True,1
615,5f1269b2bf131c1c3ad768b9,1556.85,1558.53,"yeah, luckily though",-0.42000000000007276,1.6800000000000637,0,False,True,3
616,5eebff91bd2957196e75d9c7,1558.34,1558.54,Yeah.,-0.19000000000005457,0.20000000000004547,0,False,True,1
617,5f1269b2bf131c1c3ad768b9,1558.53,1564.17,"we still have some parts that can get together and play, so that's good. They're not having to quit altogether.",-0.009999999999990905,5.6400000000001,0,False,True,22
618,5eebff91bd2957196e75d9c7,1564.44,1568.33,I wanted to watch every single day so anything,0.2699999999999818,3.8899999999998727,0,False,False,9
619,5f1269b2bf131c1c3ad768b9,1567.94,1568.36,No.,-0.38999999999987267,0.4199999999998454,0,False,True,1
620,5eebff91bd2957196e75d9c7,1568.33,1569.46,shut down for light,-0.029999999999972715,1.1300000000001091,0,False,True,4
621,5f1269b2bf131c1c3ad768b9,1569.54,1569.77,"Right,",0.07999999999992724,0.2300000000000182,0,False,False,1
622,5eebff91bd2957196e75d9c7,1569.94,1571.56,like four months now.,0.17000000000007276,1.6199999999998909,0,False,False,4
623,5f1269b2bf131c1c3ad768b9,1571.74,1579.56,"mm hmm. Yeah, ours were shut down for a while and then it opened back up, but they said we had to wear a mask. So",0.18000000000006366,7.819999999999936,0,False,False,26
624,5eebff91bd2957196e75d9c7,1579.14,1579.67,Okay.,-0.4199999999998454,0.5299999999999727,0,False,True,1
625,5f1269b2bf131c1c3ad768b9,1580.14,1585.66,"while we were working out because initially they said just gloves, they didn't make the mask of requirement. But then it was",0.4700000000000273,5.519999999999982,0,False,False,23
626,5eebff91bd2957196e75d9c7,1585.54,1585.77,Mhm.,-0.12000000000011823,0.2300000000000182,0,False,True,1
627,5f1269b2bf131c1c3ad768b9,1585.66,1588.87,"a requirement. I was like, well, I mean, that makes sense. You know, because",-0.10999999999989996,3.209999999999809,0,False,True,14
628,5eebff91bd2957196e75d9c7,1588.44,1589.45,Yeah.,-0.4299999999998363,1.009999999999991,0,False,True,1
629,5f1269b2bf131c1c3ad768b9,1588.88,1600.27,you could still pass on the virus working out or whatever. But I had to quit because I don't have the lung capacity to be trying to work out with mask on. So that was one thing I couldn't do. So,-0.5699999999999363,11.389999999999873,0,False,True,43
630,5eebff91bd2957196e75d9c7,1600.54,1601.16,Yeah.,0.2699999999999818,0.6200000000001182,0,False,False,1
631,5f1269b2bf131c1c3ad768b9,1600.74,1604.19,"well, I think it's about that time, but it was nice",-0.42000000000007276,3.4500000000000455,0,False,True,12
632,5eebff91bd2957196e75d9c7,1604.04,1604.33,Yeah.,-0.15000000000009095,0.2899999999999636,0,False,True,1
633,5f1269b2bf131c1c3ad768b9,1604.19,1604.61,talking,-0.13999999999987267,0.4199999999998454,0,False,True,1
634,5eebff91bd2957196e75d9c7,1604.33,1604.63,I think,-0.2799999999999727,0.3000000000001819,0,False,True,2
635,5f1269b2bf131c1c3ad768b9,1604.61,1605.06,me.,-0.020000000000209184,0.4500000000000455,0,False,True,1
636,5eebff91bd2957196e75d9c7,1604.63,1604.96,it is.,-0.4299999999998363,0.32999999999992724,0,False,True,2
637,5f1269b2bf131c1c3ad768b9,1605.54,1605.95,"Yeah,",0.5799999999999272,0.41000000000008185,0,False,False,1
638,5eebff91bd2957196e75d9c7,1605.74,1606.96,"No, it's not going to you too.",-0.21000000000003638,1.2200000000000273,0,False,True,8
639,5f1269b2bf131c1c3ad768b9,1607.24,1609.76,thank you. Good luck with your school year.,0.2799999999999727,2.519999999999982,0,False,False,8
640,5eebff91bd2957196e75d9c7,1610.04,1610.45,You,0.2799999999999727,0.41000000000008185,0,False,False,1
641,5f1269b2bf131c1c3ad768b9,1610.14,1610.46,Mhm.,-0.30999999999994543,0.31999999999993634,0,False,True,1
642,5eebff91bd2957196e75d9c7,1610.45,1610.85,too.,-0.009999999999990905,0.3999999999998636,0,False,True,1
643,5f1269b2bf131c1c3ad768b9,1611.14,1612.85,Thank you.,0.290000000000191,1.709999999999809,0,False,False,2
